scenario_id,log_name,db_file,scenario_token,anchor_timestamp_us,scenario_type,all_scenario_tags,map_name,time_block_id,window_start_us,window_end_us
2021.06.09.14.58.55_veh-35_01095_01484:13b93b0c326b5345,2021.06.09.14.58.55_veh-35_01095_01484,2021.06.09.14.58.55_veh-35_01095_01484.db,13b93b0c326b5345,1623266548399842,behind_long_vehicle,behind_long_vehicle|near_long_vehicle|stationary,us-nv-las-vegas-strip,2021.06.09.14.58.55_veh-35_01095_01484:00006,1623266545399842,1623266560399842
2021.06.09.14.58.55_veh-35_01894_02311:eb39050f288f5914,2021.06.09.14.58.55_veh-35_01894_02311,2021.06.09.14.58.55_veh-35_01894_02311.db,eb39050f288f5914,1623267374099956,behind_long_vehicle,behind_long_vehicle|near_long_vehicle|on_intersection|traversing_intersection,us-nv-las-vegas-strip,2021.06.09.14.58.55_veh-35_01894_02311:00007,1623267371099956,1623267386099956
2021.06.28.15.02.02_veh-38_02398_02848:d515719a27ec512d,2021.06.28.15.02.02_veh-38_02398_02848,2021.06.28.15.02.02_veh-38_02398_02848.db,d515719a27ec512d,1624895101299922,behind_long_vehicle,behind_long_vehicle|near_long_vehicle|stationary,us-nv-las-vegas-strip,2021.06.28.15.02.02_veh-38_02398_02848:00003,1624895098299922,1624895113299922
2021.06.28.15.02.02_veh-38_02398_02848:77e404c84d6b5d36,2021.06.28.15.02.02_veh-38_02398_02848,2021.06.28.15.02.02_veh-38_02398_02848.db,77e404c84d6b5d36,1624895117400058,behind_long_vehicle,behind_long_vehicle|near_long_vehicle|stationary,us-nv-las-vegas-strip,2021.06.28.15.02.02_veh-38_02398_02848:00004,1624895114400058,1624895129400058
2021.06.28.15.02.02_veh-38_02398_02848:59b81dcb58825ed9,2021.06.28.15.02.02_veh-38_02398_02848,2021.06.28.15.02.02_veh-38_02398_02848.db,59b81dcb58825ed9,1624895170200315,behind_long_vehicle,behind_long_vehicle|near_long_vehicle|stationary,us-nv-las-vegas-strip,2021.06.28.15.02.02_veh-38_02398_02848:00008,1624895167200315,1624895182200315
2021.05.25.14.16.10_veh-35_01690_02183:f6f9afda75e251ae,2021.05.25.14.16.10_veh-35_01690_02183,2021.05.25.14.16.10_veh-35_01690_02183.db,f6f9afda75e251ae,1621968441501256,changing_lane,changing_lane|changing_lane_to_right,us-nv-las-vegas-strip,2021.05.25.14.16.10_veh-35_01690_02183:00008,1621968438501256,1621968453501256
2021.06.09.14.58.55_veh-35_01894_02311:b2a5c363d1dd5abe,2021.06.09.14.58.55_veh-35_01894_02311,2021.06.09.14.58.55_veh-35_01894_02311.db,b2a5c363d1dd5abe,1623267325999349,changing_lane,changing_lane|changing_lane_to_left|stationary,us-nv-las-vegas-strip,2021.06.09.14.58.55_veh-35_01894_02311:00004,1623267322999349,1623267337999349
2021.06.23.15.56.12_veh-16_00839_01285:6d1811320c635e82,2021.06.23.15.56.12_veh-16_00839_01285,2021.06.23.15.56.12_veh-16_00839_01285.db,6d1811320c635e82,1624465217300855,changing_lane,changing_lane|changing_lane_to_left,us-nv-las-vegas-strip,2021.06.23.15.56.12_veh-16_00839_01285:00019,1624465214300855,1624465229300855
2021.08.17.16.57.11_veh-08_01200_01636:9e30155b8bb55fd9,2021.08.17.16.57.11_veh-08_01200_01636,2021.08.17.16.57.11_veh-08_01200_01636.db,9e30155b8bb55fd9,1629220967449692,changing_lane,changing_lane|changing_lane_to_left,us-pa-pittsburgh-hazelwood,2021.08.17.16.57.11_veh-08_01200_01636:00012,1629220964449692,1629220979449692
2021.08.30.14.54.34_veh-40_00439_00835:05f9092e219d59f2,2021.08.30.14.54.34_veh-40_00439_00835,2021.08.30.14.54.34_veh-40_00439_00835.db,05f9092e219d59f2,1630335849200314,changing_lane,changing_lane|changing_lane_to_right,us-ma-boston,2021.08.30.14.54.34_veh-40_00439_00835:00005,1630335846200314,1630335861200314
2021.06.07.12.54.00_veh-35_01843_02314:485e78d3d4035b52,2021.06.07.12.54.00_veh-35_01843_02314,2021.06.07.12.54.00_veh-35_01843_02314.db,485e78d3d4035b52,1623086823501005,following_lane_with_lead,following_lane_with_lead,us-nv-las-vegas-strip,2021.06.07.12.54.00_veh-35_01843_02314:00004,1623086820501005,1623086835501005
2021.06.14.16.48.02_veh-12_04978_05337:6c07d363c2e9574a,2021.06.14.16.48.02_veh-12_04978_05337,2021.06.14.16.48.02_veh-12_04978_05337.db,6c07d363c2e9574a,1623708902799745,following_lane_with_lead,following_lane_with_lead,us-nv-las-vegas-strip,2021.06.14.16.48.02_veh-12_04978_05337:00012,1623708899799745,1623708914799745
2021.06.14.19.22.11_veh-38_01480_01860:f67095affea65329,2021.06.14.19.22.11_veh-38_01480_01860,2021.06.14.19.22.11_veh-38_01480_01860.db,f67095affea65329,1623714517899781,following_lane_with_lead,following_lane_with_lead|medium_magnitude_speed,us-nv-las-vegas-strip,2021.06.14.19.22.11_veh-38_01480_01860:00003,1623714514899781,1623714529899781
2021.07.09.17.06.37_veh-35_00258_00748:f30966cb403c5b57,2021.07.09.17.06.37_veh-35_00258_00748,2021.07.09.17.06.37_veh-35_00258_00748.db,f30966cb403c5b57,1625850944001364,following_lane_with_lead,following_lane_with_lead,us-nv-las-vegas-strip,2021.07.09.17.06.37_veh-35_00258_00748:00008,1625850941001364,1625850956001364
2021.06.23.16.54.19_veh-35_00808_01256:8e1899e156985232,2021.06.23.16.54.19_veh-35_00808_01256,2021.06.23.16.54.19_veh-35_00808_01256.db,8e1899e156985232,1624468230651124,high_lateral_acceleration,high_lateral_acceleration,us-nv-las-vegas-strip,2021.06.23.16.54.19_veh-35_00808_01256:00002,1624468227651124,1624468242651124
2021.06.23.17.31.36_veh-16_00016_00377:59f8a43c03c05e43,2021.06.23.17.31.36_veh-16_00016_00377,2021.06.23.17.31.36_veh-16_00016_00377.db,59f8a43c03c05e43,1624470001500495,high_lateral_acceleration,high_lateral_acceleration,us-nv-las-vegas-strip,2021.06.23.17.31.36_veh-16_00016_00377:00016,1624469998500495,1624470013500495
2021.06.28.16.57.59_veh-26_00016_00484:2845a5483a0f57de,2021.06.28.16.57.59_veh-26_00016_00484,2021.06.28.16.57.59_veh-26_00016_00484.db,2845a5483a0f57de,1624899760148280,high_lateral_acceleration,high_lateral_acceleration,us-nv-las-vegas-strip,2021.06.28.16.57.59_veh-26_00016_00484:00011,1624899757148280,1624899772148280
2021.07.24.20.37.45_veh-17_00015_00375:22068c897a3f5149,2021.07.24.20.37.45_veh-17_00015_00375,2021.07.24.20.37.45_veh-17_00015_00375.db,22068c897a3f5149,1627159330849518,high_lateral_acceleration,high_lateral_acceleration,us-nv-las-vegas-strip,2021.07.24.20.37.45_veh-17_00015_00375:00008,1627159327849518,1627159342849518
2021.08.30.14.54.34_veh-40_00439_00835:6418edb6f9925170,2021.08.30.14.54.34_veh-40_00439_00835,2021.08.30.14.54.34_veh-40_00439_00835.db,6418edb6f9925170,1630335920400389,high_lateral_acceleration,high_lateral_acceleration|on_intersection|on_traffic_light_intersection|traversing_intersection|traversing_traffic_light_intersection,us-ma-boston,2021.08.30.14.54.34_veh-40_00439_00835:00010,1630335917400389,1630335932400389
2021.05.12.22.00.38_veh-35_01008_01518:bc45cfff686751c4,2021.05.12.22.00.38_veh-35_01008_01518,2021.05.12.22.00.38_veh-35_01008_01518.db,bc45cfff686751c4,1620858088499910,high_magnitude_speed,high_magnitude_speed,us-nv-las-vegas-strip,2021.05.12.22.00.38_veh-35_01008_01518:00013,1620858085499910,1620858100499910
2021.06.09.17.23.18_veh-38_02526_03027:e6c25beb882d538b,2021.06.09.17.23.18_veh-38_02526_03027,2021.06.09.17.23.18_veh-38_02526_03027.db,e6c25beb882d538b,1623276706999666,high_magnitude_speed,high_magnitude_speed,us-nv-las-vegas-strip,2021.06.09.17.23.18_veh-38_02526_03027:00016,1623276703999666,1623276718999666
2021.06.09.17.37.09_veh-12_00404_00864:9b9dffebc2fc5f0d,2021.06.09.17.37.09_veh-12_00404_00864,2021.06.09.17.37.09_veh-12_00404_00864.db,9b9dffebc2fc5f0d,1623275421199847,high_magnitude_speed,high_magnitude_speed|on_intersection|traversing_intersection,us-nv-las-vegas-strip,2021.06.09.17.37.09_veh-12_00404_00864:00015,1623275418199847,1623275433199847
2021.06.23.15.56.12_veh-16_00839_01285:0718e74e0ddd5080,2021.06.23.15.56.12_veh-16_00839_01285,2021.06.23.15.56.12_veh-16_00839_01285.db,0718e74e0ddd5080,1624465054399938,high_magnitude_speed,high_magnitude_speed,us-nv-las-vegas-strip,2021.06.23.15.56.12_veh-16_00839_01285:00008,1624465051399938,1624465066399938
2021.06.23.16.54.19_veh-35_00808_01256:c29ba45c0fb15c0e,2021.06.23.16.54.19_veh-35_00808_01256,2021.06.23.16.54.19_veh-35_00808_01256.db,c29ba45c0fb15c0e,1624468295850848,high_magnitude_speed,high_magnitude_speed,us-nv-las-vegas-strip,2021.06.23.16.54.19_veh-35_00808_01256:00007,1624468292850848,1624468307850848
2021.05.12.22.00.38_veh-35_01008_01518:54f95d530b535ebf,2021.05.12.22.00.38_veh-35_01008_01518,2021.05.12.22.00.38_veh-35_01008_01518.db,54f95d530b535ebf,1620858057850662,low_magnitude_speed,low_magnitude_speed,us-nv-las-vegas-strip,2021.05.12.22.00.38_veh-35_01008_01518:00011,1620858054850662,1620858069850662
2021.05.12.23.36.44_veh-35_01133_01535:e664d3c3796257b2,2021.05.12.23.36.44_veh-35_01133_01535,2021.05.12.23.36.44_veh-35_01133_01535.db,e664d3c3796257b2,1620863946951075,low_magnitude_speed,low_magnitude_speed|near_pedestrian_at_pickup_dropoff|on_pickup_dropoff,us-nv-las-vegas-strip,2021.05.12.23.36.44_veh-35_01133_01535:00011,1620863943951075,1620863958951075
2021.06.08.12.54.54_veh-26_04262_04732:c20019827ef45783,2021.06.08.12.54.54_veh-26_04262_04732,2021.06.08.12.54.54_veh-26_04262_04732.db,c20019827ef45783,1623175813927904,low_magnitude_speed,low_magnitude_speed|near_construction_zone_sign|on_intersection|on_traffic_light_intersection,us-nv-las-vegas-strip,2021.06.08.12.54.54_veh-26_04262_04732:00011,1623175810927904,1623175825927904
2021.06.09.12.39.51_veh-26_05620_06003:286299138a445e4b,2021.06.09.12.39.51_veh-26_05620_06003,2021.06.09.12.39.51_veh-26_05620_06003.db,286299138a445e4b,1623262708499350,low_magnitude_speed,low_magnitude_speed|near_pedestrian_at_pickup_dropoff|on_pickup_dropoff,us-nv-las-vegas-strip,2021.06.09.12.39.51_veh-26_05620_06003:00004,1623262705499350,1623262720499350
2021.10.11.02.57.41_veh-50_01522_02088:28fede9e972e5ce1,2021.10.11.02.57.41_veh-50_01522_02088,2021.10.11.02.57.41_veh-50_01522_02088.db,28fede9e972e5ce1,1633922873300536,low_magnitude_speed,low_magnitude_speed,sg-one-north,2021.10.11.02.57.41_veh-50_01522_02088:00003,1633922870300536,1633922885300536
2021.06.09.12.39.51_veh-26_05620_06003:724ecc814fe5529f,2021.06.09.12.39.51_veh-26_05620_06003,2021.06.09.12.39.51_veh-26_05620_06003.db,724ecc814fe5529f,1623262891399252,near_multiple_vehicles,near_multiple_vehicles|on_intersection|traversing_intersection,us-nv-las-vegas-strip,2021.06.09.12.39.51_veh-26_05620_06003:00016,1623262888399252,1623262903399252
2021.06.14.16.48.02_veh-12_04057_04438:286a027f20f750ad,2021.06.14.16.48.02_veh-12_04057_04438,2021.06.14.16.48.02_veh-12_04057_04438.db,286a027f20f750ad,1623707843549667,near_multiple_vehicles,near_multiple_vehicles|on_intersection|traversing_intersection,us-nv-las-vegas-strip,2021.06.14.16.48.02_veh-12_04057_04438:00002,1623707840549667,1623707855549667
2021.06.28.16.29.11_veh-38_01415_01821:5b3274070f165cfb,2021.06.28.16.29.11_veh-38_01415_01821,2021.06.28.16.29.11_veh-38_01415_01821.db,5b3274070f165cfb,1624899529099896,near_multiple_vehicles,near_multiple_vehicles,us-nv-las-vegas-strip,2021.06.28.16.29.11_veh-38_01415_01821:00011,1624899526099896,1624899541099896
2021.09.16.15.12.03_veh-42_01037_01434:62902251e40056a1,2021.09.16.15.12.03_veh-42_01037_01434,2021.09.16.15.12.03_veh-42_01037_01434.db,62902251e40056a1,1631806348949618,near_multiple_vehicles,near_multiple_vehicles,us-pa-pittsburgh-hazelwood,2021.09.16.15.12.03_veh-42_01037_01434:00004,1631806345949618,1631806360949618
2021.10.01.19.16.42_veh-28_03307_03808:99af1b3bc02a53b0,2021.10.01.19.16.42_veh-28_03307_03808,2021.10.01.19.16.42_veh-28_03307_03808.db,99af1b3bc02a53b0,1633119369299726,near_multiple_vehicles,medium_magnitude_speed|near_multiple_vehicles,us-ma-boston,2021.10.01.19.16.42_veh-28_03307_03808:00010,1633119366299726,1633119381299726
2021.06.14.16.48.02_veh-12_04978_05337:99b0c0d728d650c2,2021.06.14.16.48.02_veh-12_04978_05337,2021.06.14.16.48.02_veh-12_04978_05337.db,99b0c0d728d650c2,1623708781549986,starting_left_turn,on_intersection|on_traffic_light_intersection|starting_left_turn|starting_unprotected_cross_turn|traversing_intersection|traversing_traffic_light_intersection,us-nv-las-vegas-strip,2021.06.14.16.48.02_veh-12_04978_05337:00003,1623708778549986,1623708793549986
2021.07.24.23.50.16_veh-17_01696_02071:d780b19e99f05fb4,2021.07.24.23.50.16_veh-17_01696_02071,2021.07.24.23.50.16_veh-17_01696_02071.db,d780b19e99f05fb4,1627172431150035,starting_left_turn,starting_high_speed_turn|starting_left_turn|starting_protected_cross_turn|traversing_traffic_light_intersection,us-nv-las-vegas-strip,2021.07.24.23.50.16_veh-17_01696_02071:00003,1627172428150035,1627172443150035
2021.08.17.17.17.01_veh-45_02314_02798:86e3902d70865151,2021.08.17.17.17.01_veh-45_02314_02798,2021.08.17.17.17.01_veh-45_02314_02798.db,86e3902d70865151,1629223123399598,starting_left_turn,on_intersection|starting_left_turn|starting_protected_cross_turn,us-pa-pittsburgh-hazelwood,2021.08.17.17.17.01_veh-45_02314_02798:00007,1629223120399598,1629223135399598
2021.09.16.15.12.03_veh-42_01037_01434:b7a660136576564c,2021.09.16.15.12.03_veh-42_01037_01434,2021.09.16.15.12.03_veh-42_01037_01434.db,b7a660136576564c,1631806418599651,starting_left_turn,on_intersection|starting_left_turn|starting_protected_cross_turn|traversing_crosswalk,us-pa-pittsburgh-hazelwood,2021.09.16.15.12.03_veh-42_01037_01434:00009,1631806415599651,1631806430599651
2021.10.01.19.16.42_veh-28_02011_02410:1f99a870c80b5608,2021.10.01.19.16.42_veh-28_02011_02410,2021.10.01.19.16.42_veh-28_02011_02410.db,1f99a870c80b5608,1633118017499529,starting_left_turn,on_intersection|on_traffic_light_intersection|starting_left_turn|starting_unprotected_cross_turn|traversing_intersection|traversing_traffic_light_intersection,us-ma-boston,2021.10.01.19.16.42_veh-28_02011_02410:00006,1633118014499529,1633118029499529
2021.05.12.23.36.44_veh-35_01133_01535:7790a109c37c530f,2021.05.12.23.36.44_veh-35_01133_01535,2021.05.12.23.36.44_veh-35_01133_01535.db,7790a109c37c530f,1620863901451396,starting_right_turn,on_intersection|on_traffic_light_intersection|starting_protected_noncross_turn|starting_right_turn|traversing_traffic_light_intersection,us-nv-las-vegas-strip,2021.05.12.23.36.44_veh-35_01133_01535:00008,1620863898451396,1620863913451396
2021.06.28.16.29.11_veh-38_01415_01821:ba7a7db085de5bab,2021.06.28.16.29.11_veh-38_01415_01821,2021.06.28.16.29.11_veh-38_01415_01821.db,ba7a7db085de5bab,1624899511099812,starting_right_turn,on_intersection|on_traffic_light_intersection|starting_right_turn|starting_unprotected_noncross_turn|traversing_intersection|traversing_traffic_light_intersection,us-nv-las-vegas-strip,2021.06.28.16.29.11_veh-38_01415_01821:00009,1624899508099812,1624899523099812
2021.06.28.16.29.11_veh-38_03263_03766:622ec3a20ca152c2,2021.06.28.16.29.11_veh-38_03263_03766,2021.06.28.16.29.11_veh-38_03263_03766.db,622ec3a20ca152c2,1624901316249375,starting_right_turn,on_intersection|on_traffic_light_intersection|starting_right_turn|starting_unprotected_noncross_turn|traversing_intersection|traversing_traffic_light_intersection,us-nv-las-vegas-strip,2021.06.28.16.29.11_veh-38_03263_03766:00006,1624901313249375,1624901328249375
2021.08.17.17.17.01_veh-45_02314_02798:34af2e884f1e538f,2021.08.17.17.17.01_veh-45_02314_02798,2021.08.17.17.17.01_veh-45_02314_02798.db,34af2e884f1e538f,1629223222100138,starting_right_turn,on_intersection|on_stopline_traffic_light|on_traffic_light_intersection|starting_protected_noncross_turn|starting_right_turn|traversing_traffic_light_intersection,us-pa-pittsburgh-hazelwood,2021.08.17.17.17.01_veh-45_02314_02798:00013,1629223219100138,1629223234100138
2021.10.06.17.43.07_veh-28_00508_00877:ede5957f5b0f5140,2021.10.06.17.43.07_veh-28_00508_00877,2021.10.06.17.43.07_veh-28_00508_00877.db,ede5957f5b0f5140,1633543106149571,starting_right_turn,on_intersection|starting_right_turn|starting_unprotected_noncross_turn|traversing_crosswalk,us-ma-boston,2021.10.06.17.43.07_veh-28_00508_00877:00015,1633543103149571,1633543118149571
2021.05.12.22.00.38_veh-35_01008_01518:f1e76c9854a15b03,2021.05.12.22.00.38_veh-35_01008_01518,2021.05.12.22.00.38_veh-35_01008_01518.db,f1e76c9854a15b03,1620858229850973,starting_straight_traffic_light_intersection_traversal,on_intersection|on_traffic_light_intersection|starting_straight_traffic_light_intersection_traversal|traversing_intersection|traversing_traffic_light_intersection,us-nv-las-vegas-strip,2021.05.12.22.00.38_veh-35_01008_01518:00022,1620858226850973,1620858241850973
2021.06.09.17.37.09_veh-12_00404_00864:f9d2a9ce39905cee,2021.06.09.17.37.09_veh-12_00404_00864,2021.06.09.17.37.09_veh-12_00404_00864.db,f9d2a9ce39905cee,1623275387349535,starting_straight_traffic_light_intersection_traversal,near_multiple_vehicles|on_intersection|on_traffic_light_intersection|starting_straight_traffic_light_intersection_traversal|traversing_intersection|traversing_traffic_light_intersection,us-nv-las-vegas-strip,2021.06.09.17.37.09_veh-12_00404_00864:00013,1623275384349535,1623275399349535
2021.07.16.20.45.29_veh-35_01095_01486:e55cc719e4405b03,2021.07.16.20.45.29_veh-35_01095_01486,2021.07.16.20.45.29_veh-35_01095_01486.db,e55cc719e4405b03,1626469644350447,starting_straight_traffic_light_intersection_traversal,near_multiple_vehicles|on_intersection|on_traffic_light_intersection|starting_straight_traffic_light_intersection_traversal|traversing_intersection|traversing_traffic_light_intersection,us-nv-las-vegas-strip,2021.07.16.20.45.29_veh-35_01095_01486:00002,1626469641350447,1626469656350447
2021.08.17.16.57.11_veh-08_01200_01636:e78547e822d95cf3,2021.08.17.16.57.11_veh-08_01200_01636,2021.08.17.16.57.11_veh-08_01200_01636.db,e78547e822d95cf3,1629220909299843,starting_straight_traffic_light_intersection_traversal,on_intersection|on_stopline_traffic_light|on_traffic_light_intersection|starting_straight_traffic_light_intersection_traversal|traversing_intersection|traversing_traffic_light_intersection,us-pa-pittsburgh-hazelwood,2021.08.17.16.57.11_veh-08_01200_01636:00009,1629220906299843,1629220921299843
2021.10.06.17.43.07_veh-28_00508_00877:094295aa1c075f36,2021.10.06.17.43.07_veh-28_00508_00877,2021.10.06.17.43.07_veh-28_00508_00877.db,094295aa1c075f36,1633543131849416,starting_straight_traffic_light_intersection_traversal,on_intersection|on_traffic_light_intersection|starting_straight_traffic_light_intersection_traversal|traversing_intersection|traversing_traffic_light_intersection,us-ma-boston,2021.10.06.17.43.07_veh-28_00508_00877:00017,1633543128849416,1633543143849416
2021.05.12.22.28.35_veh-35_00620_01164:497e771cd10c5d4f,2021.05.12.22.28.35_veh-35_00620_01164,2021.05.12.22.28.35_veh-35_00620_01164.db,497e771cd10c5d4f,1620859273150414,stationary_in_traffic,stationary|stationary_in_traffic,us-nv-las-vegas-strip,2021.05.12.22.28.35_veh-35_00620_01164:00006,1620859270150414,1620859285150414
2021.05.12.23.36.44_veh-35_02035_02387:e3e8f658a937531d,2021.05.12.23.36.44_veh-35_02035_02387,2021.05.12.23.36.44_veh-35_02035_02387.db,e3e8f658a937531d,1620864712150602,stationary_in_traffic,stationary|stationary_in_traffic,us-nv-las-vegas-strip,2021.05.12.23.36.44_veh-35_02035_02387:00001,1620864709150602,1620864724150602
2021.06.08.14.35.24_veh-26_02555_03004:65cb1195f4b558b1,2021.06.08.14.35.24_veh-26_02555_03004,2021.06.08.14.35.24_veh-26_02555_03004.db,65cb1195f4b558b1,1623180126883216,stationary_in_traffic,stationary|stationary_in_traffic,us-nv-las-vegas-strip,2021.06.08.14.35.24_veh-26_02555_03004:00007,1623180123883216,1623180138883216
2021.06.23.16.54.19_veh-35_00808_01256:136e1d5212845262,2021.06.23.16.54.19_veh-35_00808_01256,2021.06.23.16.54.19_veh-35_00808_01256.db,136e1d5212845262,1624468382501633,stationary_in_traffic,stationary|stationary_in_traffic,us-nv-las-vegas-strip,2021.06.23.16.54.19_veh-35_00808_01256:00012,1624468379501633,1624468394501633
2021.07.16.18.06.21_veh-38_04471_04922:76b0c285e8bb50e4,2021.07.16.18.06.21_veh-38_04471_04922,2021.07.16.18.06.21_veh-38_04471_04922.db,76b0c285e8bb50e4,1626464365400148,stationary_in_traffic,stationary|stationary_in_traffic,us-nv-las-vegas-strip,2021.07.16.18.06.21_veh-38_04471_04922:00008,1626464362400148,1626464377400148
2021.05.12.22.28.35_veh-35_00620_01164:d26042c4e7bc5efe,2021.05.12.22.28.35_veh-35_00620_01164,2021.05.12.22.28.35_veh-35_00620_01164.db,d26042c4e7bc5efe,1620859427900738,stopping_with_lead,stopping_with_lead,us-nv-las-vegas-strip,2021.05.12.22.28.35_veh-35_00620_01164:00016,1620859424900738,1620859439900738
2021.05.12.23.36.44_veh-35_02035_02387:496739145c665afa,2021.05.12.23.36.44_veh-35_02035_02387,2021.05.12.23.36.44_veh-35_02035_02387.db,496739145c665afa,1620864853350367,stopping_with_lead,stopping_with_lead,us-nv-las-vegas-strip,2021.05.12.23.36.44_veh-35_02035_02387:00011,1620864850350367,1620864865350367
2021.06.14.16.48.02_veh-12_04978_05337:3fc78d1c5fc55e11,2021.06.14.16.48.02_veh-12_04978_05337,2021.06.14.16.48.02_veh-12_04978_05337.db,3fc78d1c5fc55e11,1623708822350176,stopping_with_lead,stopping_with_lead,us-nv-las-vegas-strip,2021.06.14.16.48.02_veh-12_04978_05337:00006,1623708819350176,1623708834350176
2021.07.16.18.06.21_veh-38_04933_05307:b016ab003e3f5d18,2021.07.16.18.06.21_veh-38_04933_05307,2021.07.16.18.06.21_veh-38_04933_05307.db,b016ab003e3f5d18,1626464932650897,stopping_with_lead,stopping_at_stop_sign_with_lead|stopping_at_traffic_light_with_lead|stopping_with_lead,us-nv-las-vegas-strip,2021.07.16.18.06.21_veh-38_04933_05307:00015,1626464929650897,1626464944650897
2021.10.06.17.43.07_veh-28_00508_00877:ddcfdcade1eb5ac7,2021.10.06.17.43.07_veh-28_00508_00877,2021.10.06.17.43.07_veh-28_00508_00877.db,ddcfdcade1eb5ac7,1633543087499521,stopping_with_lead,stopping_with_lead,us-ma-boston,2021.10.06.17.43.07_veh-28_00508_00877:00014,1633543084499521,1633543099499521
2021.05.12.23.36.44_veh-35_01133_01535:a09a361ae19e5d7a,2021.05.12.23.36.44_veh-35_01133_01535,2021.05.12.23.36.44_veh-35_01133_01535.db,a09a361ae19e5d7a,1620863923700111,traversing_pickup_dropoff,on_pickup_dropoff|traversing_pickup_dropoff,us-nv-las-vegas-strip,2021.05.12.23.36.44_veh-35_01133_01535:00009,1620863920700111,1620863935700111
2021.05.12.23.36.44_veh-35_01133_01535:a3ad9b388d6f5326,2021.05.12.23.36.44_veh-35_01133_01535,2021.05.12.23.36.44_veh-35_01133_01535.db,a3ad9b388d6f5326,1620863966300109,traversing_pickup_dropoff,on_pickup_dropoff|traversing_pickup_dropoff,us-nv-las-vegas-strip,2021.05.12.23.36.44_veh-35_01133_01535:00012,1620863963300109,1620863978300109
2021.06.09.17.23.18_veh-38_02526_03027:9b1b1c1bea835093,2021.06.09.17.23.18_veh-38_02526_03027,2021.06.09.17.23.18_veh-38_02526_03027.db,9b1b1c1bea835093,1623276514400072,traversing_pickup_dropoff,near_pedestrian_at_pickup_dropoff|near_pedestrian_on_crosswalk|on_pickup_dropoff|traversing_pickup_dropoff,us-nv-las-vegas-strip,2021.06.09.17.23.18_veh-38_02526_03027:00003,1623276511400072,1623276526400072
2021.06.28.16.57.59_veh-26_00016_00484:b3a52004b1af5472,2021.06.28.16.57.59_veh-26_00016_00484,2021.06.28.16.57.59_veh-26_00016_00484.db,b3a52004b1af5472,1624899670348347,traversing_pickup_dropoff,on_pickup_dropoff|traversing_pickup_dropoff,us-nv-las-vegas-strip,2021.06.28.16.57.59_veh-26_00016_00484:00005,1624899667348347,1624899682348347
2021.07.16.00.51.05_veh-17_01352_01901:cf539230363d5b82,2021.07.16.00.51.05_veh-17_01352_01901,2021.07.16.00.51.05_veh-17_01352_01901.db,cf539230363d5b82,1626398313150591,traversing_pickup_dropoff,near_pedestrian_at_pickup_dropoff|on_pickup_dropoff|traversing_pickup_dropoff,us-nv-las-vegas-strip,2021.07.16.00.51.05_veh-17_01352_01901:00007,1626398310150591,1626398325150591
2021.06.09.14.58.55_veh-35_01095_01484:c5457f7f16ca5630,2021.06.09.14.58.55_veh-35_01095_01484,2021.06.09.14.58.55_veh-35_01095_01484.db,c5457f7f16ca5630,1623266526501067,waiting_for_pedestrian_to_cross,stationary|waiting_for_pedestrian_to_cross,us-nv-las-vegas-strip,2021.06.09.14.58.55_veh-35_01095_01484:00004,1623266523501067,1623266538501067
2021.07.16.18.06.21_veh-38_04933_05307:57816d0acc8a501e,2021.07.16.18.06.21_veh-38_04933_05307,2021.07.16.18.06.21_veh-38_04933_05307.db,57816d0acc8a501e,1626464733600362,waiting_for_pedestrian_to_cross,near_pedestrian_on_crosswalk|on_intersection|on_traffic_light_intersection|stationary|waiting_for_pedestrian_to_cross,us-nv-las-vegas-strip,2021.07.16.18.06.21_veh-38_04933_05307:00002,1626464730600362,1626464745600362
2021.08.17.16.57.11_veh-08_01200_01636:20920db9a1ad5498,2021.08.17.16.57.11_veh-08_01200_01636,2021.08.17.16.57.11_veh-08_01200_01636.db,20920db9a1ad5498,1629220877600132,waiting_for_pedestrian_to_cross,near_pedestrian_on_crosswalk|stationary|waiting_for_pedestrian_to_cross,us-pa-pittsburgh-hazelwood,2021.08.17.16.57.11_veh-08_01200_01636:00006,1629220874600132,1629220889600132
2021.10.11.02.57.41_veh-50_01522_02088:2141c58256555726,2021.10.11.02.57.41_veh-50_01522_02088,2021.10.11.02.57.41_veh-50_01522_02088.db,2141c58256555726,1633922897200313,waiting_for_pedestrian_to_cross,near_pedestrian_on_crosswalk|stationary|waiting_for_pedestrian_to_cross,sg-one-north,2021.10.11.02.57.41_veh-50_01522_02088:00004,1633922894200313,1633922909200313
