scenario_id,log_name,db_file,scenario_token,anchor_timestamp_us,scenario_type,all_scenario_tags,map_name,source_recording,window_start_us,window_end_us
2021.08.17.17.55.18_veh-43_00358_00673:ba9e5e0959d35e7e,2021.08.17.17.55.18_veh-43_00358_00673,2021.08.17.17.55.18_veh-43_00358_00673.db,ba9e5e0959d35e7e,1629223373500061,behind_long_vehicle,behind_long_vehicle|near_long_vehicle|stationary,us-pa-pittsburgh-hazelwood,2021.08.17.17.55.18_veh-43,1629223370500061,1629223385500061
2021.08.17.17.55.18_veh-43_00358_00673:ebc253f54d295f1c,2021.08.17.17.55.18_veh-43_00358_00673,2021.08.17.17.55.18_veh-43_00358_00673.db,ebc253f54d295f1c,1629223419599867,behind_long_vehicle,behind_long_vehicle|near_long_vehicle|stationary,us-pa-pittsburgh-hazelwood,2021.08.17.17.55.18_veh-43,1629223416599867,1629223431599867
2021.08.17.17.55.18_veh-43_00358_00673:f21c853c9bcd5aa7,2021.08.17.17.55.18_veh-43_00358_00673,2021.08.17.17.55.18_veh-43_00358_00673.db,f21c853c9bcd5aa7,1629223395799704,behind_long_vehicle,behind_long_vehicle|near_long_vehicle|stationary,us-pa-pittsburgh-hazelwood,2021.08.17.17.55.18_veh-43,1629223392799704,1629223407799704
2021.08.20.16.54.30_veh-08_01153_01419:86cbcf9349055fd0,2021.08.20.16.54.30_veh-08_01153_01419,2021.08.20.16.54.30_veh-08_01153_01419.db,86cbcf9349055fd0,1629479822700128,behind_long_vehicle,behind_long_vehicle|near_long_vehicle|stationary,us-pa-pittsburgh-hazelwood,2021.08.20.16.54.30_veh-08,1629479819700128,1629479834700128
2021.08.30.13.08.03_veh-08_01643_01900:3294af3e5694529d,2021.08.30.13.08.03_veh-08_01643_01900,2021.08.30.13.08.03_veh-08_01643_01900.db,3294af3e5694529d,1630330694550034,behind_long_vehicle,behind_long_vehicle|near_long_vehicle|stationary,us-pa-pittsburgh-hazelwood,2021.08.30.13.08.03_veh-08,1630330691550034,1630330706550034
2021.08.20.18.44.47_veh-08_01382_01958:abde5ccd512852f2,2021.08.20.18.44.47_veh-08_01382_01958,2021.08.20.18.44.47_veh-08_01382_01958.db,abde5ccd512852f2,1629486603499772,changing_lane,changing_lane|changing_lane_to_left,us-pa-pittsburgh-hazelwood,2021.08.20.18.44.47_veh-08,1629486600499772,1629486615499772
2021.08.30.13.08.03_veh-08_01643_01900:3e3142191e155621,2021.08.30.13.08.03_veh-08_01643_01900,2021.08.30.13.08.03_veh-08_01643_01900.db,3e3142191e155621,1630330728250006,changing_lane,behind_long_vehicle|changing_lane|changing_lane_to_left|near_long_vehicle|stationary,us-pa-pittsburgh-hazelwood,2021.08.30.13.08.03_veh-08,1630330725250006,1630330740250006
2021.08.30.14.29.08_veh-45_01105_01737:3362b078d2115115,2021.08.30.14.29.08_veh-45_01105_01737,2021.08.30.14.29.08_veh-45_01105_01737.db,3362b078d2115115,1630335267449589,changing_lane,changing_lane|changing_lane_to_left,us-pa-pittsburgh-hazelwood,2021.08.30.14.29.08_veh-45,1630335264449589,1630335279449589
2021.09.13.18.55.23_veh-45_03008_03274:9e6ab21a1eef5d61,2021.09.13.18.55.23_veh-45_03008_03274,2021.09.13.18.55.23_veh-45_03008_03274.db,9e6ab21a1eef5d61,1631562513799720,changing_lane,changing_lane|changing_lane_to_left,us-pa-pittsburgh-hazelwood,2021.09.13.18.55.23_veh-45,1631562510799720,1631562525799720
2021.09.17.14.49.23_veh-42_00690_00846:6ab0c9a7d66c599d,2021.09.17.14.49.23_veh-42_00690_00846,2021.09.17.14.49.23_veh-42_00690_00846.db,6ab0c9a7d66c599d,1631890960848976,changing_lane,changing_lane|changing_lane_to_left,us-pa-pittsburgh-hazelwood,2021.09.17.14.49.23_veh-42,1631890957848976,1631890972848976
2021.08.19.19.03.27_veh-45_01734_02055:7086c06d71105de6,2021.08.19.19.03.27_veh-45_01734_02055,2021.08.19.19.03.27_veh-45_01734_02055.db,7086c06d71105de6,1629401775549657,following_lane_with_lead,following_lane_with_lead,us-pa-pittsburgh-hazelwood,2021.08.19.19.03.27_veh-45,1629401772549657,1629401787549657
2021.08.26.17.14.36_veh-08_01348_01954:852c977c863f5406,2021.08.26.17.14.36_veh-08_01348_01954,2021.08.26.17.14.36_veh-08_01348_01954.db,852c977c863f5406,1630000056249971,following_lane_with_lead,following_lane_with_lead|medium_magnitude_speed|near_high_speed_vehicle,us-pa-pittsburgh-hazelwood,2021.08.26.17.14.36_veh-08,1630000053249971,1630000068249971
2021.09.30.15.05.51_veh-44_00016_00731:2289ae2f79e55e6e,2021.09.30.15.05.51_veh-44_00016_00731,2021.09.30.15.05.51_veh-44_00016_00731.db,2289ae2f79e55e6e,1633014758949625,following_lane_with_lead,following_lane_with_lead,us-pa-pittsburgh-hazelwood,2021.09.30.15.05.51_veh-44,1633014755949625,1633014770949625
2021.09.30.15.05.51_veh-44_00753_01199:c6d5fa8b97dc572a,2021.09.30.15.05.51_veh-44_00753_01199,2021.09.30.15.05.51_veh-44_00753_01199.db,c6d5fa8b97dc572a,1633015329349331,following_lane_with_lead,following_lane_with_lead,us-pa-pittsburgh-hazelwood,2021.09.30.15.05.51_veh-44,1633015326349331,1633015341349331
2021.09.30.15.05.51_veh-44_01655_02241:e6e68187604954e4,2021.09.30.15.05.51_veh-44_01655_02241,2021.09.30.15.05.51_veh-44_01655_02241.db,e6e68187604954e4,1633016602499288,following_lane_with_lead,following_lane_with_lead|medium_magnitude_speed,us-pa-pittsburgh-hazelwood,2021.09.30.15.05.51_veh-44,1633016599499288,1633016614499288
2021.08.17.16.48.45_veh-43_00114_00415:10cccc053f675be1,2021.08.17.16.48.45_veh-43_00114_00415,2021.08.17.16.48.45_veh-43_00114_00415.db,10cccc053f675be1,1629219148999949,high_lateral_acceleration,high_lateral_acceleration,us-pa-pittsburgh-hazelwood,2021.08.17.16.48.45_veh-43,1629219145999949,1629219160999949
2021.08.25.20.03.09_veh-08_00016_00999:3a98ed9bfe5c5acb,2021.08.25.20.03.09_veh-08_00016_00999,2021.08.25.20.03.09_veh-08_00016_00999.db,3a98ed9bfe5c5acb,1629922072399971,high_lateral_acceleration,accelerating_at_stop_sign|high_lateral_acceleration|on_stopline_crosswalk|on_stopline_stop_sign,us-pa-pittsburgh-hazelwood,2021.08.25.20.03.09_veh-08,1629922069399971,1629922084399971
2021.09.15.13.26.07_veh-45_00278_00999:1c428211f9035b3f,2021.09.15.13.26.07_veh-45_00278_00999,2021.09.15.13.26.07_veh-45_00278_00999.db,1c428211f9035b3f,1631713021399717,high_lateral_acceleration,high_lateral_acceleration|on_carpark,us-pa-pittsburgh-hazelwood,2021.09.15.13.26.07_veh-45,1631713018399717,1631713033399717
2021.09.21.20.37.06_veh-45_00379_00688:438a649dc68852c1,2021.09.21.20.37.06_veh-45_00379_00688,2021.09.21.20.37.06_veh-45_00379_00688.db,438a649dc68852c1,1632257153300539,high_lateral_acceleration,high_lateral_acceleration|on_carpark,us-pa-pittsburgh-hazelwood,2021.09.21.20.37.06_veh-45,1632257150300539,1632257165300539
2021.09.27.14.45.42_veh-44_02609_03216:c500d113b63b592d,2021.09.27.14.45.42_veh-44_02609_03216,2021.09.27.14.45.42_veh-44_02609_03216.db,c500d113b63b592d,1632756988399065,high_lateral_acceleration,high_lateral_acceleration,us-pa-pittsburgh-hazelwood,2021.09.27.14.45.42_veh-44,1632756985399065,1632757000399065
2021.08.17.16.48.45_veh-43_02070_02652:4523590d8c3654e5,2021.08.17.16.48.45_veh-43_02070_02652,2021.08.17.16.48.45_veh-43_02070_02652.db,4523590d8c3654e5,1629221202699923,high_magnitude_speed,high_magnitude_speed,us-pa-pittsburgh-hazelwood,2021.08.17.16.48.45_veh-43,1629221199699923,1629221214699923
2021.08.25.17.10.24_veh-45_00154_00509:86abaac2982d54de,2021.08.25.17.10.24_veh-45_00154_00509,2021.08.25.17.10.24_veh-45_00154_00509.db,86abaac2982d54de,1629911718200536,high_magnitude_speed,high_magnitude_speed,us-pa-pittsburgh-hazelwood,2021.08.25.17.10.24_veh-45,1629911715200536,1629911730200536
2021.09.21.17.53.12_veh-08_02608_02805:8ad882f5bd785f02,2021.09.21.17.53.12_veh-08_02608_02805,2021.09.21.17.53.12_veh-08_02608_02805.db,8ad882f5bd785f02,1632249551199706,high_magnitude_speed,high_magnitude_speed|on_intersection|on_traffic_light_intersection|traversing_crosswalk|traversing_intersection|traversing_traffic_light_intersection,us-pa-pittsburgh-hazelwood,2021.09.21.17.53.12_veh-08,1632249548199706,1632249563199706
2021.09.30.17.20.14_veh-44_00422_00647:b9859e39d7655c5a,2021.09.30.17.20.14_veh-44_00422_00647,2021.09.30.17.20.14_veh-44_00422_00647.db,b9859e39d7655c5a,1633023005749571,high_magnitude_speed,following_lane_without_lead|high_magnitude_speed,us-pa-pittsburgh-hazelwood,2021.09.30.17.20.14_veh-44,1633023002749571,1633023017749571
2021.09.30.19.11.40_veh-44_00580_02260:0d9a994393145ac8,2021.09.30.19.11.40_veh-44_00580_02260,2021.09.30.19.11.40_veh-44_00580_02260.db,0d9a994393145ac8,1633030011149727,high_magnitude_speed,high_magnitude_speed,us-pa-pittsburgh-hazelwood,2021.09.30.19.11.40_veh-44,1633030008149727,1633030023149727
2021.08.17.14.32.33_veh-08_00016_00354:46a0cdd4455259ee,2021.08.17.14.32.33_veh-08_00016_00354,2021.08.17.14.32.33_veh-08_00016_00354.db,46a0cdd4455259ee,1629211065399596,low_magnitude_speed,low_magnitude_speed,us-pa-pittsburgh-hazelwood,2021.08.17.14.32.33_veh-08,1629211062399596,1629211077399596
2021.09.03.16.25.50_veh-42_01447_01647:d3d1c4c1043858f6,2021.09.03.16.25.50_veh-42_01447_01647,2021.09.03.16.25.50_veh-42_01447_01647.db,d3d1c4c1043858f6,1630687908650064,low_magnitude_speed,low_magnitude_speed|on_stopline_crosswalk|on_stopline_stop_sign,us-pa-pittsburgh-hazelwood,2021.09.03.16.25.50_veh-42,1630687905650064,1630687920650064
2021.09.03.17.40.20_veh-42_00950_01784:3bc0fecb90925d17,2021.09.03.17.40.20_veh-42_00950_01784,2021.09.03.17.40.20_veh-42_00950_01784.db,3bc0fecb90925d17,1630692023850291,low_magnitude_speed,low_magnitude_speed,us-pa-pittsburgh-hazelwood,2021.09.03.17.40.20_veh-42,1630692020850291,1630692035850291
2021.09.09.18.47.17_veh-45_00144_00620:c89c3e6ffe435e4f,2021.09.09.18.47.17_veh-45_00144_00620,2021.09.09.18.47.17_veh-45_00144_00620.db,c89c3e6ffe435e4f,1631213589499995,low_magnitude_speed,low_magnitude_speed|on_intersection|on_traffic_light_intersection|traversing_traffic_light_intersection,us-pa-pittsburgh-hazelwood,2021.09.09.18.47.17_veh-45,1631213586499995,1631213601499995
2021.09.17.18.16.32_veh-45_00213_00869:064a8f92b97c5dfa,2021.09.17.18.16.32_veh-45_00213_00869,2021.09.17.18.16.32_veh-45_00213_00869.db,064a8f92b97c5dfa,1631903091600249,low_magnitude_speed,low_magnitude_speed|near_pedestrian_on_crosswalk,us-pa-pittsburgh-hazelwood,2021.09.17.18.16.32_veh-45,1631903088600249,1631903103600249
2021.08.23.18.16.02_veh-42_00251_01022:3de31f6b71265b23,2021.08.23.18.16.02_veh-42_00251_01022,2021.08.23.18.16.02_veh-42_00251_01022.db,3de31f6b71265b23,1629743381900066,near_multiple_vehicles,medium_magnitude_speed|near_multiple_vehicles,us-pa-pittsburgh-hazelwood,2021.08.23.18.16.02_veh-42,1629743378900066,1629743393900066
2021.08.25.17.10.24_veh-45_01106_01560:40e782534e8a5e8a,2021.08.25.17.10.24_veh-45_01106_01560,2021.08.25.17.10.24_veh-45_01106_01560.db,40e782534e8a5e8a,1629912934299847,near_multiple_vehicles,near_multiple_vehicles,us-pa-pittsburgh-hazelwood,2021.08.25.17.10.24_veh-45,1629912931299847,1629912946299847
2021.08.27.13.08.25_veh-42_00375_01720:8a261196bc2f5798,2021.08.27.13.08.25_veh-42_00375_01720,2021.08.27.13.08.25_veh-42_00375_01720.db,8a261196bc2f5798,1630071132449946,near_multiple_vehicles,near_multiple_vehicles,us-pa-pittsburgh-hazelwood,2021.08.27.13.08.25_veh-42,1630071129449946,1630071144449946
2021.09.09.17.29.55_veh-42_00858_01275:9a1e66ab494f5c77,2021.09.09.17.29.55_veh-42_00858_01275,2021.09.09.17.29.55_veh-42_00858_01275.db,9a1e66ab494f5c77,1631209839299936,near_multiple_vehicles,near_multiple_vehicles,us-pa-pittsburgh-hazelwood,2021.09.09.17.29.55_veh-42,1631209836299936,1631209851299936
2021.09.21.20.04.35_veh-08_01047_01447:f4603cc448475bce,2021.09.21.20.04.35_veh-08_01047_01447,2021.09.21.20.04.35_veh-08_01047_01447.db,f4603cc448475bce,1632255979199575,near_multiple_vehicles,near_multiple_vehicles,us-pa-pittsburgh-hazelwood,2021.09.21.20.04.35_veh-08,1632255976199575,1632255991199575
2021.08.23.17.20.10_veh-45_02731_02903:b59cc0c59bce5aa8,2021.08.23.17.20.10_veh-45_02731_02903,2021.08.23.17.20.10_veh-45_02731_02903.db,b59cc0c59bce5aa8,1629742103899665,starting_left_turn,medium_magnitude_speed|on_intersection|starting_left_turn|starting_protected_cross_turn,us-pa-pittsburgh-hazelwood,2021.08.23.17.20.10_veh-45,1629742100899665,1629742115899665
2021.08.25.14.12.46_veh-08_02563_02869:367e6eaf95dc59f9,2021.08.25.14.12.46_veh-08_02563_02869,2021.08.25.14.12.46_veh-08_02563_02869.db,367e6eaf95dc59f9,1629903534400652,starting_left_turn,on_intersection|on_traffic_light_intersection|starting_left_turn|starting_low_speed_turn|starting_protected_cross_turn,us-pa-pittsburgh-hazelwood,2021.08.25.14.12.46_veh-08,1629903531400652,1629903546400652
2021.09.10.18.03.24_veh-42_00067_01025:60c84a9ba9ee5bea,2021.09.10.18.03.24_veh-42_00067_01025,2021.09.10.18.03.24_veh-42_00067_01025.db,60c84a9ba9ee5bea,1631297877099905,starting_left_turn,on_intersection|starting_left_turn|starting_protected_cross_turn|traversing_crosswalk,us-pa-pittsburgh-hazelwood,2021.09.10.18.03.24_veh-42,1631297874099905,1631297889099905
2021.09.17.19.38.59_veh-08_00199_01050:d94d9e36eeb55d66,2021.09.17.19.38.59_veh-08_00199_01050,2021.09.17.19.38.59_veh-08_00199_01050.db,d94d9e36eeb55d66,1631908482500292,starting_left_turn,on_all_way_stop_intersection|on_intersection|starting_left_turn|starting_unprotected_cross_turn,us-pa-pittsburgh-hazelwood,2021.09.17.19.38.59_veh-08,1631908479500292,1631908494500292
2021.09.28.14.23.32_veh-44_01423_01838:a53292192ddd59f6,2021.09.28.14.23.32_veh-44_01423_01838,2021.09.28.14.23.32_veh-44_01423_01838.db,a53292192ddd59f6,1632840627799632,starting_left_turn,near_long_vehicle|on_intersection|on_traffic_light_intersection|starting_left_turn|starting_protected_cross_turn|traversing_intersection|traversing_traffic_light_intersection,us-pa-pittsburgh-hazelwood,2021.09.28.14.23.32_veh-44,1632840624799632,1632840639799632
2021.08.26.17.14.36_veh-08_01348_01954:2635bae2eccb519c,2021.08.26.17.14.36_veh-08_01348_01954,2021.08.26.17.14.36_veh-08_01348_01954.db,2635bae2eccb519c,1630000013200263,starting_right_turn,medium_magnitude_speed|on_intersection|on_traffic_light_intersection|starting_protected_noncross_turn|starting_right_turn|traversing_crosswalk|traversing_traffic_light_intersection,us-pa-pittsburgh-hazelwood,2021.08.26.17.14.36_veh-08,1630000010200263,1630000025200263
2021.08.30.13.47.20_veh-08_00533_01152:86862a340eff5683,2021.08.30.13.47.20_veh-08_00533_01152,2021.08.30.13.47.20_veh-08_00533_01152.db,86862a340eff5683,1630332092699638,starting_right_turn,on_intersection|on_traffic_light_intersection|starting_protected_noncross_turn|starting_right_turn|traversing_intersection|traversing_traffic_light_intersection,us-pa-pittsburgh-hazelwood,2021.08.30.13.47.20_veh-08,1630332089699638,1630332104699638
2021.09.10.13.58.49_veh-42_01774_02175:c20b95c6ea765a5c,2021.09.10.13.58.49_veh-42_01774_02175,2021.09.10.13.58.49_veh-42_01774_02175.db,c20b95c6ea765a5c,1631284227649499,starting_right_turn,accelerating_at_crosswalk|on_intersection|on_traffic_light_intersection|starting_protected_noncross_turn|starting_right_turn|traversing_traffic_light_intersection,us-pa-pittsburgh-hazelwood,2021.09.10.13.58.49_veh-42,1631284224649499,1631284239649499
2021.09.24.14.23.05_veh-45_00212_00576:74fcd558b993502b,2021.09.24.14.23.05_veh-45_00212_00576,2021.09.24.14.23.05_veh-45_00212_00576.db,74fcd558b993502b,1632493825649720,starting_right_turn,on_intersection|on_traffic_light_intersection|starting_protected_noncross_turn|starting_right_turn|traversing_crosswalk|traversing_intersection|traversing_traffic_light_intersection,us-pa-pittsburgh-hazelwood,2021.09.24.14.23.05_veh-45,1632493822649720,1632493837649720
2021.09.30.13.08.26_veh-44_00402_00779:300210ee14e550aa,2021.09.30.13.08.26_veh-44_00402_00779,2021.09.30.13.08.26_veh-44_00402_00779.db,300210ee14e550aa,1633007970999655,starting_right_turn,on_intersection|starting_protected_noncross_turn|starting_right_turn|traversing_intersection,us-pa-pittsburgh-hazelwood,2021.09.30.13.08.26_veh-44,1633007967999655,1633007982999655
2021.08.23.17.36.45_veh-42_00023_01720:a676fb3d35f05282,2021.08.23.17.36.45_veh-42_00023_01720,2021.08.23.17.36.45_veh-42_00023_01720.db,a676fb3d35f05282,1629741553249971,starting_straight_traffic_light_intersection_traversal,medium_magnitude_speed|near_pedestrian_on_crosswalk|on_intersection|on_stopline_traffic_light|on_traffic_light_intersection|starting_straight_traffic_light_intersection_traversal|traversing_intersection|traversing_traffic_light_intersection,us-pa-pittsburgh-hazelwood,2021.08.23.17.36.45_veh-42,1629741550249971,1629741565249971
2021.08.25.19.15.01_veh-45_01455_01721:09a1c25ea3cb5489,2021.08.25.19.15.01_veh-45_01455_01721,2021.08.25.19.15.01_veh-45_01455_01721.db,09a1c25ea3cb5489,1629920521349995,starting_straight_traffic_light_intersection_traversal,on_intersection|on_stopline_traffic_light|on_traffic_light_intersection|starting_straight_traffic_light_intersection_traversal|traversing_intersection|traversing_traffic_light_intersection,us-pa-pittsburgh-hazelwood,2021.08.25.19.15.01_veh-45,1629920518349995,1629920533349995
2021.09.03.16.25.50_veh-42_00857_00960:dcb6e6397d7a597d,2021.09.03.16.25.50_veh-42_00857_00960,2021.09.03.16.25.50_veh-42_00857_00960.db,dcb6e6397d7a597d,1630687324300146,starting_straight_traffic_light_intersection_traversal,on_intersection|on_stopline_traffic_light|on_traffic_light_intersection|starting_straight_traffic_light_intersection_traversal|traversing_intersection|traversing_traffic_light_intersection,us-pa-pittsburgh-hazelwood,2021.09.03.16.25.50_veh-42,1630687321300146,1630687336300146
2021.09.23.13.54.40_veh-45_00472_00747:37aa67002f985f0b,2021.09.23.13.54.40_veh-45_00472_00747,2021.09.23.13.54.40_veh-45_00472_00747.db,37aa67002f985f0b,1632405907550530,starting_straight_traffic_light_intersection_traversal,low_magnitude_speed|on_intersection|on_stopline_traffic_light|on_traffic_light_intersection|starting_straight_traffic_light_intersection_traversal|traversing_traffic_light_intersection,us-pa-pittsburgh-hazelwood,2021.09.23.13.54.40_veh-45,1632405904550530,1632405919550530
2021.09.27.14.45.42_veh-44_01103_02583:3f787b1efd0855de,2021.09.27.14.45.42_veh-44_01103_02583,2021.09.27.14.45.42_veh-44_01103_02583.db,3f787b1efd0855de,1632756311799732,starting_straight_traffic_light_intersection_traversal,on_intersection|on_stopline_traffic_light|on_traffic_light_intersection|starting_straight_traffic_light_intersection_traversal|traversing_traffic_light_intersection,us-pa-pittsburgh-hazelwood,2021.09.27.14.45.42_veh-44,1632756308799732,1632756323799732
2021.08.19.18.08.28_veh-45_01456_02210:a532e338a0bc557f,2021.08.19.18.08.28_veh-45_01456_02210,2021.08.19.18.08.28_veh-45_01456_02210.db,a532e338a0bc557f,1629398182850319,stationary_in_traffic,stationary|stationary_in_traffic,us-pa-pittsburgh-hazelwood,2021.08.19.18.08.28_veh-45,1629398179850319,1629398194850319
2021.09.03.17.40.20_veh-42_00950_01784:5c73d7cc1c575886,2021.09.03.17.40.20_veh-42_00950_01784,2021.09.03.17.40.20_veh-42_00950_01784.db,5c73d7cc1c575886,1630692166749920,stationary_in_traffic,stationary|stationary_in_traffic,us-pa-pittsburgh-hazelwood,2021.09.03.17.40.20_veh-42,1630692163749920,1630692178749920
2021.09.03.17.40.20_veh-42_00950_01784:b3f225b7137b562c,2021.09.03.17.40.20_veh-42_00950_01784,2021.09.03.17.40.20_veh-42_00950_01784.db,b3f225b7137b562c,1630692202049867,stationary_in_traffic,stationary|stationary_in_traffic,us-pa-pittsburgh-hazelwood,2021.09.03.17.40.20_veh-42,1630692199049867,1630692214049867
2021.09.21.19.41.31_veh-45_00608_01295:71042ef9c22e5735,2021.09.21.19.41.31_veh-45_00608_01295,2021.09.21.19.41.31_veh-45_00608_01295.db,71042ef9c22e5735,1632254275799564,stationary_in_traffic,stationary|stationary_in_traffic,us-pa-pittsburgh-hazelwood,2021.09.21.19.41.31_veh-45,1632254272799564,1632254287799564
2021.09.28.16.50.03_veh-44_01322_01746:3cb8dcf771955889,2021.09.28.16.50.03_veh-44_01322_01746,2021.09.28.16.50.03_veh-44_01322_01746.db,3cb8dcf771955889,1632849415449500,stationary_in_traffic,behind_long_vehicle|near_long_vehicle|stationary|stationary_in_traffic,us-pa-pittsburgh-hazelwood,2021.09.28.16.50.03_veh-44,1632849412449500,1632849427449500
2021.08.25.17.10.24_veh-45_00520_01082:b4da10ff3f555174,2021.08.25.17.10.24_veh-45_00520_01082,2021.08.25.17.10.24_veh-45_00520_01082.db,b4da10ff3f555174,1629912035449579,stopping_with_lead,stopping_at_stop_sign_with_lead|stopping_at_traffic_light_with_lead|stopping_with_lead,us-pa-pittsburgh-hazelwood,2021.08.25.17.10.24_veh-45,1629912032449579,1629912047449579
2021.08.30.14.29.08_veh-45_01105_01737:ea0451ac13d8538f,2021.08.30.14.29.08_veh-45_01105_01737,2021.08.30.14.29.08_veh-45_01105_01737.db,ea0451ac13d8538f,1630335393000314,stopping_with_lead,on_carpark|stopping_at_crosswalk|stopping_with_lead,us-pa-pittsburgh-hazelwood,2021.08.30.14.29.08_veh-45,1630335390000314,1630335405000314
2021.09.03.17.40.20_veh-42_00950_01784:4e5f1a7eefb45da5,2021.09.03.17.40.20_veh-42_00950_01784,2021.09.03.17.40.20_veh-42_00950_01784.db,4e5f1a7eefb45da5,1630692453699925,stopping_with_lead,stopping_at_stop_sign_with_lead|stopping_at_traffic_light_with_lead|stopping_with_lead,us-pa-pittsburgh-hazelwood,2021.09.03.17.40.20_veh-42,1630692450699925,1630692465699925
2021.09.17.20.30.55_veh-08_01566_02359:a90e54696b6a5253,2021.09.17.20.30.55_veh-08_01566_02359,2021.09.17.20.30.55_veh-08_01566_02359.db,a90e54696b6a5253,1631912446100065,stopping_with_lead,stopping_with_lead,us-pa-pittsburgh-hazelwood,2021.09.17.20.30.55_veh-08,1631912443100065,1631912458100065
2021.09.30.19.11.40_veh-44_00580_02260:e45f95b569205fb3,2021.09.30.19.11.40_veh-44_00580_02260,2021.09.30.19.11.40_veh-44_00580_02260.db,e45f95b569205fb3,1633030711849730,stopping_with_lead,stopping_at_stop_sign_with_lead|stopping_at_traffic_light_with_lead|stopping_with_lead,us-pa-pittsburgh-hazelwood,2021.09.30.19.11.40_veh-44,1633030708849730,1633030723849730
2021.08.19.17.42.11_veh-08_01092_01496:9a73b13f7eef5663,2021.08.19.17.42.11_veh-08_01092_01496,2021.08.19.17.42.11_veh-08_01092_01496.db,9a73b13f7eef5663,1629396266099777,waiting_for_pedestrian_to_cross,near_pedestrian_on_crosswalk|stationary|waiting_for_pedestrian_to_cross,us-pa-pittsburgh-hazelwood,2021.08.19.17.42.11_veh-08,1629396263099777,1629396278099777
2021.08.23.19.47.22_veh-42_00030_00572:400da26aca5053d2,2021.08.23.19.47.22_veh-42_00030_00572,2021.08.23.19.47.22_veh-42_00030_00572.db,400da26aca5053d2,1629748678550406,waiting_for_pedestrian_to_cross,near_pedestrian_on_crosswalk|stationary|waiting_for_pedestrian_to_cross,us-pa-pittsburgh-hazelwood,2021.08.23.19.47.22_veh-42,1629748675550406,1629748690550406
2021.08.25.17.17.57_veh-42_01356_01819:6d2ebc57ad8b5f47,2021.08.25.17.17.57_veh-42_01356_01819,2021.08.25.17.17.57_veh-42_01356_01819.db,6d2ebc57ad8b5f47,1629913441699912,waiting_for_pedestrian_to_cross,near_pedestrian_on_crosswalk|on_stopline_crosswalk|on_stopline_stop_sign|stationary|waiting_for_pedestrian_to_cross,us-pa-pittsburgh-hazelwood,2021.08.25.17.17.57_veh-42,1629913438699912,1629913453699912
2021.09.23.17.57.13_veh-45_02202_02830:32d1a217298458c6,2021.09.23.17.57.13_veh-45_02202_02830,2021.09.23.17.57.13_veh-45_02202_02830.db,32d1a217298458c6,1632422216049933,waiting_for_pedestrian_to_cross,near_pedestrian_on_crosswalk|stationary|waiting_for_pedestrian_to_cross,us-pa-pittsburgh-hazelwood,2021.09.23.17.57.13_veh-45,1632422213049933,1632422228049933
2021.09.30.17.20.14_veh-44_00665_01476:41806caceb4d547e,2021.09.30.17.20.14_veh-44_00665_01476,2021.09.30.17.20.14_veh-44_00665_01476.db,41806caceb4d547e,1633023543399950,waiting_for_pedestrian_to_cross,stationary|waiting_for_pedestrian_to_cross,us-pa-pittsburgh-hazelwood,2021.09.30.17.20.14_veh-44,1633023540399950,1633023555399950
