scenario_id,log_name,scenario_token,scenario_type,map_name,anchor_timestamp_us,window_start_us,window_end_us,score,no_ego_at_fault_collisions,drivable_area_compliance,ego_is_making_progress,driving_direction_compliance,ego_progress_along_expert_route,time_to_collision_within_bound,speed_limit_compliance,ego_is_comfortable,succeeded,error_message,planner,run_id,sample_sha256,nuplan_commit,tuplan_garage_commit
2021.05.12.22.00.38_veh-35_01008_01518:54f95d530b535ebf,2021.05.12.22.00.38_veh-35_01008_01518,54f95d530b535ebf,low_magnitude_speed,us-nv-las-vegas-strip,1620858057850662,1620858054850662,1620858069850662,0.9954366494094804,1.0,1.0,1.0,1.0,0.9853972781103373,1.0,1.0,1.0,True,,idm,idm_mini_20261001T021827737561Z,9162d8ae9d81a1068ca40a1d925a363b16a26e8df9026be84c7726c89e5bfcb5,a581fbcab373db99a13f191f94521c75c256e080,b51d5d04fac1bd4389653b9ab2ff73ea88f435a3
2021.05.12.22.00.38_veh-35_01008_01518:54f95d530b535ebf,2021.05.12.22.00.38_veh-35_01008_01518,54f95d530b535ebf,low_magnitude_speed,us-nv-las-vegas-strip,1620858057850662,1620858054850662,1620858069850662,1.0,1.0,1.0,1.0,1.0,1.0,1.0,1.0,1.0,True,,pdm-closed,pdm-closed_mini_20261001T021818248545Z,9162d8ae9d81a1068ca40a1d925a363b16a26e8df9026be84c7726c89e5bfcb5,a581fbcab373db99a13f191f94521c75c256e080,b51d5d04fac1bd4389653b9ab2ff73ea88f435a3
2021.05.12.22.00.38_veh-35_01008_01518:bc45cfff686751c4,2021.05.12.22.00.38_veh-35_01008_01518,bc45cfff686751c4,high_magnitude_speed,us-nv-las-vegas-strip,1620858088499910,1620858085499910,1620858100499910,1.0,1.0,1.0,1.0,1.0,1.0,1.0,1.0,1.0,True,,idm,idm_mini_20261001T021827737561Z,9162d8ae9d81a1068ca40a1d925a363b16a26e8df9026be84c7726c89e5bfcb5,a581fbcab373db99a13f191f94521c75c256e080,b51d5d04fac1bd4389653b9ab2ff73ea88f435a3
2021.05.12.22.00.38_veh-35_01008_01518:bc45cfff686751c4,2021.05.12.22.00.38_veh-35_01008_01518,bc45cfff686751c4,high_magnitude_speed,us-nv-las-vegas-strip,1620858088499910,1620858085499910,1620858100499910,1.0,1.0,1.0,1.0,1.0,1.0,1.0,1.0,1.0,True,,pdm-closed,pdm-closed_mini_20261001T021818248545Z,9162d8ae9d81a1068ca40a1d925a363b16a26e8df9026be84c7726c89e5bfcb5,a581fbcab373db99a13f191f94521c75c256e080,b51d5d04fac1bd4389653b9ab2ff73ea88f435a3
2021.05.12.22.00.38_veh-35_01008_01518:f1e76c9854a15b03,2021.05.12.22.00.38_veh-35_01008_01518,f1e76c9854a15b03,starting_straight_traffic_light_intersection_traversal,us-nv-las-vegas-strip,1620858229850973,1620858226850973,1620858241850973,0.9849585154484863,1.0,1.0,1.0,1.0,0.9518672494351563,1.0,1.0,1.0,True,,idm,idm_mini_20261001T021827737561Z,9162d8ae9d81a1068ca40a1d925a363b16a26e8df9026be84c7726c89e5bfcb5,a581fbcab373db99a13f191f94521c75c256e080,b51d5d04fac1bd4389653b9ab2ff73ea88f435a3
2021.05.12.22.00.38_veh-35_01008_01518:f1e76c9854a15b03,2021.05.12.22.00.38_veh-35_01008_01518,f1e76c9854a15b03,starting_straight_traffic_light_intersection_traversal,us-nv-las-vegas-strip,1620858229850973,1620858226850973,1620858241850973,0.99540877857882,1.0,1.0,1.0,1.0,0.9853080914522242,1.0,1.0,1.0,True,,pdm-closed,pdm-closed_mini_20261001T021818248545Z,9162d8ae9d81a1068ca40a1d925a363b16a26e8df9026be84c7726c89e5bfcb5,a581fbcab373db99a13f191f94521c75c256e080,b51d5d04fac1bd4389653b9ab2ff73ea88f435a3
2021.05.12.22.28.35_veh-35_00620_01164:497e771cd10c5d4f,2021.05.12.22.28.35_veh-35_00620_01164,497e771cd10c5d4f,stationary_in_traffic,us-nv-las-vegas-strip,1620859273150414,1620859270150414,1620859285150414,1.0,1.0,1.0,1.0,1.0,1.0,1.0,1.0,1.0,True,,idm,idm_mini_20261001T021827737561Z,9162d8ae9d81a1068ca40a1d925a363b16a26e8df9026be84c7726c89e5bfcb5,a581fbcab373db99a13f191f94521c75c256e080,b51d5d04fac1bd4389653b9ab2ff73ea88f435a3
2021.05.12.22.28.35_veh-35_00620_01164:497e771cd10c5d4f,2021.05.12.22.28.35_veh-35_00620_01164,497e771cd10c5d4f,stationary_in_traffic,us-nv-las-vegas-strip,1620859273150414,1620859270150414,1620859285150414,1.0,1.0,1.0,1.0,1.0,1.0,1.0,1.0,1.0,True,,pdm-closed,pdm-closed_mini_20261001T021818248545Z,9162d8ae9d81a1068ca40a1d925a363b16a26e8df9026be84c7726c89e5bfcb5,a581fbcab373db99a13f191f94521c75c256e080,b51d5d04fac1bd4389653b9ab2ff73ea88f435a3
2021.05.12.22.28.35_veh-35_00620_01164:d26042c4e7bc5efe,2021.05.12.22.28.35_veh-35_00620_01164,d26042c4e7bc5efe,stopping_with_lead,us-nv-las-vegas-strip,1620859427900738,1620859424900738,1620859439900738,1.0,1.0,1.0,1.0,1.0,1.0,1.0,1.0,1.0,True,,idm,idm_mini_20261001T021827737561Z,9162d8ae9d81a1068ca40a1d925a363b16a26e8df9026be84c7726c89e5bfcb5,a581fbcab373db99a13f191f94521c75c256e080,b51d5d04fac1bd4389653b9ab2ff73ea88f435a3
2021.05.12.22.28.35_veh-35_00620_01164:d26042c4e7bc5efe,2021.05.12.22.28.35_veh-35_00620_01164,d26042c4e7bc5efe,stopping_with_lead,us-nv-las-vegas-strip,1620859427900738,1620859424900738,1620859439900738,1.0,1.0,1.0,1.0,1.0,1.0,1.0,1.0,1.0,True,,pdm-closed,pdm-closed_mini_20261001T021818248545Z,9162d8ae9d81a1068ca40a1d925a363b16a26e8df9026be84c7726c89e5bfcb5,a581fbcab373db99a13f191f94521c75c256e080,b51d5d04fac1bd4389653b9ab2ff73ea88f435a3
2021.05.12.23.36.44_veh-35_01133_01535:7790a109c37c530f,2021.05.12.23.36.44_veh-35_01133_01535,7790a109c37c530f,starting_right_turn,us-nv-las-vegas-strip,1620863901451396,1620863898451396,1620863913451396,0.9689537479147055,1.0,1.0,1.0,1.0,0.9006519933270577,1.0,1.0,1.0,True,,idm,idm_mini_20261001T021827737561Z,9162d8ae9d81a1068ca40a1d925a363b16a26e8df9026be84c7726c89e5bfcb5,a581fbcab373db99a13f191f94521c75c256e080,b51d5d04fac1bd4389653b9ab2ff73ea88f435a3
2021.05.12.23.36.44_veh-35_01133_01535:7790a109c37c530f,2021.05.12.23.36.44_veh-35_01133_01535,7790a109c37c530f,starting_right_turn,us-nv-las-vegas-strip,1620863901451396,1620863898451396,1620863913451396,1.0,1.0,1.0,1.0,1.0,1.0,1.0,1.0,1.0,True,,pdm-closed,pdm-closed_mini_20261001T021818248545Z,9162d8ae9d81a1068ca40a1d925a363b16a26e8df9026be84c7726c89e5bfcb5,a581fbcab373db99a13f191f94521c75c256e080,b51d5d04fac1bd4389653b9ab2ff73ea88f435a3
2021.05.12.23.36.44_veh-35_01133_01535:a09a361ae19e5d7a,2021.05.12.23.36.44_veh-35_01133_01535,a09a361ae19e5d7a,traversing_pickup_dropoff,us-nv-las-vegas-strip,1620863923700111,1620863920700111,1620863935700111,0.7977474356030986,1.0,1.0,1.0,1.0,1.0,1.0,0.1909897424123942,1.0,True,,idm,idm_mini_20261001T021827737561Z,9162d8ae9d81a1068ca40a1d925a363b16a26e8df9026be84c7726c89e5bfcb5,a581fbcab373db99a13f191f94521c75c256e080,b51d5d04fac1bd4389653b9ab2ff73ea88f435a3
2021.05.12.23.36.44_veh-35_01133_01535:a09a361ae19e5d7a,2021.05.12.23.36.44_veh-35_01133_01535,a09a361ae19e5d7a,traversing_pickup_dropoff,us-nv-las-vegas-strip,1620863923700111,1620863920700111,1620863935700111,0.7936778039669607,1.0,1.0,1.0,1.0,0.7466513678029487,1.0,0.9913970061141568,0.0,True,,pdm-closed,pdm-closed_mini_20261001T021818248545Z,9162d8ae9d81a1068ca40a1d925a363b16a26e8df9026be84c7726c89e5bfcb5,a581fbcab373db99a13f191f94521c75c256e080,b51d5d04fac1bd4389653b9ab2ff73ea88f435a3
2021.05.12.23.36.44_veh-35_01133_01535:a3ad9b388d6f5326,2021.05.12.23.36.44_veh-35_01133_01535,a3ad9b388d6f5326,traversing_pickup_dropoff,us-nv-las-vegas-strip,1620863966300109,1620863963300109,1620863978300109,0.8908988866822509,1.0,1.0,1.0,1.0,0.7572200936382514,1.0,0.8670704296811897,1.0,True,,idm,idm_mini_20261001T021827737561Z,9162d8ae9d81a1068ca40a1d925a363b16a26e8df9026be84c7726c89e5bfcb5,a581fbcab373db99a13f191f94521c75c256e080,b51d5d04fac1bd4389653b9ab2ff73ea88f435a3
2021.05.12.23.36.44_veh-35_01133_01535:a3ad9b388d6f5326,2021.05.12.23.36.44_veh-35_01133_01535,a3ad9b388d6f5326,traversing_pickup_dropoff,us-nv-las-vegas-strip,1620863966300109,1620863963300109,1620863978300109,0.8965810008691554,1.0,1.0,1.0,1.0,0.6812160821880218,1.0,0.9848039007415944,1.0,True,,pdm-closed,pdm-closed_mini_20261001T021818248545Z,9162d8ae9d81a1068ca40a1d925a363b16a26e8df9026be84c7726c89e5bfcb5,a581fbcab373db99a13f191f94521c75c256e080,b51d5d04fac1bd4389653b9ab2ff73ea88f435a3
2021.05.12.23.36.44_veh-35_01133_01535:e664d3c3796257b2,2021.05.12.23.36.44_veh-35_01133_01535,e664d3c3796257b2,low_magnitude_speed,us-nv-las-vegas-strip,1620863946951075,1620863943951075,1620863958951075,0.6790284781154471,1.0,1.0,1.0,1.0,1.0,0.0,0.9661139124617882,1.0,True,,idm,idm_mini_20261001T021827737561Z,9162d8ae9d81a1068ca40a1d925a363b16a26e8df9026be84c7726c89e5bfcb5,a581fbcab373db99a13f191f94521c75c256e080,b51d5d04fac1bd4389653b9ab2ff73ea88f435a3
2021.05.12.23.36.44_veh-35_01133_01535:e664d3c3796257b2,2021.05.12.23.36.44_veh-35_01133_01535,e664d3c3796257b2,low_magnitude_speed,us-nv-las-vegas-strip,1620863946951075,1620863943951075,1620863958951075,0.9991587239874503,1.0,1.0,1.0,1.0,1.0,1.0,0.9966348959498013,1.0,True,,pdm-closed,pdm-closed_mini_20261001T021818248545Z,9162d8ae9d81a1068ca40a1d925a363b16a26e8df9026be84c7726c89e5bfcb5,a581fbcab373db99a13f191f94521c75c256e080,b51d5d04fac1bd4389653b9ab2ff73ea88f435a3
2021.05.12.23.36.44_veh-35_02035_02387:496739145c665afa,2021.05.12.23.36.44_veh-35_02035_02387,496739145c665afa,stopping_with_lead,us-nv-las-vegas-strip,1620864853350367,1620864850350367,1620864865350367,1.0,1.0,1.0,1.0,1.0,1.0,1.0,1.0,1.0,True,,idm,idm_mini_20261001T021827737561Z,9162d8ae9d81a1068ca40a1d925a363b16a26e8df9026be84c7726c89e5bfcb5,a581fbcab373db99a13f191f94521c75c256e080,b51d5d04fac1bd4389653b9ab2ff73ea88f435a3
2021.05.12.23.36.44_veh-35_02035_02387:496739145c665afa,2021.05.12.23.36.44_veh-35_02035_02387,496739145c665afa,stopping_with_lead,us-nv-las-vegas-strip,1620864853350367,1620864850350367,1620864865350367,1.0,1.0,1.0,1.0,1.0,1.0,1.0,1.0,1.0,True,,pdm-closed,pdm-closed_mini_20261001T021818248545Z,9162d8ae9d81a1068ca40a1d925a363b16a26e8df9026be84c7726c89e5bfcb5,a581fbcab373db99a13f191f94521c75c256e080,b51d5d04fac1bd4389653b9ab2ff73ea88f435a3
2021.05.12.23.36.44_veh-35_02035_02387:e3e8f658a937531d,2021.05.12.23.36.44_veh-35_02035_02387,e3e8f658a937531d,stationary_in_traffic,us-nv-las-vegas-strip,1620864712150602,1620864709150602,1620864724150602,1.0,1.0,1.0,1.0,1.0,1.0,1.0,1.0,1.0,True,,idm,idm_mini_20261001T021827737561Z,9162d8ae9d81a1068ca40a1d925a363b16a26e8df9026be84c7726c89e5bfcb5,a581fbcab373db99a13f191f94521c75c256e080,b51d5d04fac1bd4389653b9ab2ff73ea88f435a3
2021.05.12.23.36.44_veh-35_02035_02387:e3e8f658a937531d,2021.05.12.23.36.44_veh-35_02035_02387,e3e8f658a937531d,stationary_in_traffic,us-nv-las-vegas-strip,1620864712150602,1620864709150602,1620864724150602,1.0,1.0,1.0,1.0,1.0,1.0,1.0,1.0,1.0,True,,pdm-closed,pdm-closed_mini_20261001T021818248545Z,9162d8ae9d81a1068ca40a1d925a363b16a26e8df9026be84c7726c89e5bfcb5,a581fbcab373db99a13f191f94521c75c256e080,b51d5d04fac1bd4389653b9ab2ff73ea88f435a3
2021.05.25.14.16.10_veh-35_01690_02183:f6f9afda75e251ae,2021.05.25.14.16.10_veh-35_01690_02183,f6f9afda75e251ae,changing_lane,us-nv-las-vegas-strip,1621968441501256,1621968438501256,1621968453501256,0.0,0.5,0.0,0.0,1.0,0.0625752085989258,0.0,1.0,0.0,True,,idm,idm_mini_20261001T021827737561Z,9162d8ae9d81a1068ca40a1d925a363b16a26e8df9026be84c7726c89e5bfcb5,a581fbcab373db99a13f191f94521c75c256e080,b51d5d04fac1bd4389653b9ab2ff73ea88f435a3
2021.05.25.14.16.10_veh-35_01690_02183:f6f9afda75e251ae,2021.05.25.14.16.10_veh-35_01690_02183,f6f9afda75e251ae,changing_lane,us-nv-las-vegas-strip,1621968441501256,1621968438501256,1621968453501256,0.9621908517524762,1.0,1.0,1.0,1.0,0.879010725607924,1.0,1.0,1.0,True,,pdm-closed,pdm-closed_mini_20261001T021818248545Z,9162d8ae9d81a1068ca40a1d925a363b16a26e8df9026be84c7726c89e5bfcb5,a581fbcab373db99a13f191f94521c75c256e080,b51d5d04fac1bd4389653b9ab2ff73ea88f435a3
2021.06.07.12.54.00_veh-35_01843_02314:485e78d3d4035b52,2021.06.07.12.54.00_veh-35_01843_02314,485e78d3d4035b52,following_lane_with_lead,us-nv-las-vegas-strip,1623086823501005,1623086820501005,1623086835501005,0.8649770173246425,1.0,1.0,1.0,1.0,0.567926455438856,1.0,1.0,1.0,True,,idm,idm_mini_20261001T021827737561Z,9162d8ae9d81a1068ca40a1d925a363b16a26e8df9026be84c7726c89e5bfcb5,a581fbcab373db99a13f191f94521c75c256e080,b51d5d04fac1bd4389653b9ab2ff73ea88f435a3
2021.06.07.12.54.00_veh-35_01843_02314:485e78d3d4035b52,2021.06.07.12.54.00_veh-35_01843_02314,485e78d3d4035b52,following_lane_with_lead,us-nv-las-vegas-strip,1623086823501005,1623086820501005,1623086835501005,0.8844606754794531,1.0,1.0,1.0,1.0,0.6302741615342498,1.0,1.0,1.0,True,,pdm-closed,pdm-closed_mini_20261001T021818248545Z,9162d8ae9d81a1068ca40a1d925a363b16a26e8df9026be84c7726c89e5bfcb5,a581fbcab373db99a13f191f94521c75c256e080,b51d5d04fac1bd4389653b9ab2ff73ea88f435a3
2021.06.08.12.54.54_veh-26_04262_04732:c20019827ef45783,2021.06.08.12.54.54_veh-26_04262_04732,c20019827ef45783,low_magnitude_speed,us-nv-las-vegas-strip,1623175813927904,1623175810927904,1623175825927904,1.0,1.0,1.0,1.0,1.0,1.0,1.0,1.0,1.0,True,,idm,idm_mini_20261001T021827737561Z,9162d8ae9d81a1068ca40a1d925a363b16a26e8df9026be84c7726c89e5bfcb5,a581fbcab373db99a13f191f94521c75c256e080,b51d5d04fac1bd4389653b9ab2ff73ea88f435a3
2021.06.08.12.54.54_veh-26_04262_04732:c20019827ef45783,2021.06.08.12.54.54_veh-26_04262_04732,c20019827ef45783,low_magnitude_speed,us-nv-las-vegas-strip,1623175813927904,1623175810927904,1623175825927904,1.0,1.0,1.0,1.0,1.0,1.0,1.0,1.0,1.0,True,,pdm-closed,pdm-closed_mini_20261001T021818248545Z,9162d8ae9d81a1068ca40a1d925a363b16a26e8df9026be84c7726c89e5bfcb5,a581fbcab373db99a13f191f94521c75c256e080,b51d5d04fac1bd4389653b9ab2ff73ea88f435a3
2021.06.08.14.35.24_veh-26_02555_03004:65cb1195f4b558b1,2021.06.08.14.35.24_veh-26_02555_03004,65cb1195f4b558b1,stationary_in_traffic,us-nv-las-vegas-strip,1623180126883216,1623180123883216,1623180138883216,1.0,1.0,1.0,1.0,1.0,1.0,1.0,1.0,1.0,True,,idm,idm_mini_20261001T021827737561Z,9162d8ae9d81a1068ca40a1d925a363b16a26e8df9026be84c7726c89e5bfcb5,a581fbcab373db99a13f191f94521c75c256e080,b51d5d04fac1bd4389653b9ab2ff73ea88f435a3
2021.06.08.14.35.24_veh-26_02555_03004:65cb1195f4b558b1,2021.06.08.14.35.24_veh-26_02555_03004,65cb1195f4b558b1,stationary_in_traffic,us-nv-las-vegas-strip,1623180126883216,1623180123883216,1623180138883216,1.0,1.0,1.0,1.0,1.0,1.0,1.0,1.0,1.0,True,,pdm-closed,pdm-closed_mini_20261001T021818248545Z,9162d8ae9d81a1068ca40a1d925a363b16a26e8df9026be84c7726c89e5bfcb5,a581fbcab373db99a13f191f94521c75c256e080,b51d5d04fac1bd4389653b9ab2ff73ea88f435a3
2021.06.09.12.39.51_veh-26_05620_06003:286299138a445e4b,2021.06.09.12.39.51_veh-26_05620_06003,286299138a445e4b,low_magnitude_speed,us-nv-las-vegas-strip,1623262708499350,1623262705499350,1623262720499350,0.0,0.0,0.0,1.0,1.0,1.0,0.0,1.0,0.0,True,,idm,idm_mini_20261001T021827737561Z,9162d8ae9d81a1068ca40a1d925a363b16a26e8df9026be84c7726c89e5bfcb5,a581fbcab373db99a13f191f94521c75c256e080,b51d5d04fac1bd4389653b9ab2ff73ea88f435a3
2021.06.09.12.39.51_veh-26_05620_06003:286299138a445e4b,2021.06.09.12.39.51_veh-26_05620_06003,286299138a445e4b,low_magnitude_speed,us-nv-las-vegas-strip,1623262708499350,1623262705499350,1623262720499350,0.6875,1.0,1.0,1.0,1.0,1.0,0.0,1.0,1.0,True,,pdm-closed,pdm-closed_mini_20261001T021818248545Z,9162d8ae9d81a1068ca40a1d925a363b16a26e8df9026be84c7726c89e5bfcb5,a581fbcab373db99a13f191f94521c75c256e080,b51d5d04fac1bd4389653b9ab2ff73ea88f435a3
2021.06.09.12.39.51_veh-26_05620_06003:724ecc814fe5529f,2021.06.09.12.39.51_veh-26_05620_06003,724ecc814fe5529f,near_multiple_vehicles,us-nv-las-vegas-strip,1623262891399252,1623262888399252,1623262903399252,0.0,0.0,1.0,1.0,1.0,0.7488423989690468,0.0,1.0,1.0,True,,idm,idm_mini_20261001T021827737561Z,9162d8ae9d81a1068ca40a1d925a363b16a26e8df9026be84c7726c89e5bfcb5,a581fbcab373db99a13f191f94521c75c256e080,b51d5d04fac1bd4389653b9ab2ff73ea88f435a3
2021.06.09.12.39.51_veh-26_05620_06003:724ecc814fe5529f,2021.06.09.12.39.51_veh-26_05620_06003,724ecc814fe5529f,near_multiple_vehicles,us-nv-las-vegas-strip,1623262891399252,1623262888399252,1623262903399252,0.0,0.0,1.0,1.0,1.0,0.7389482699992519,0.0,1.0,1.0,True,,pdm-closed,pdm-closed_mini_20261001T021818248545Z,9162d8ae9d81a1068ca40a1d925a363b16a26e8df9026be84c7726c89e5bfcb5,a581fbcab373db99a13f191f94521c75c256e080,b51d5d04fac1bd4389653b9ab2ff73ea88f435a3
2021.06.09.14.58.55_veh-35_01095_01484:13b93b0c326b5345,2021.06.09.14.58.55_veh-35_01095_01484,13b93b0c326b5345,behind_long_vehicle,us-nv-las-vegas-strip,1623266548399842,1623266545399842,1623266560399842,0.9392060569897165,1.0,1.0,1.0,1.0,0.8054593823670929,1.0,1.0,1.0,True,,idm,idm_mini_20261001T021827737561Z,9162d8ae9d81a1068ca40a1d925a363b16a26e8df9026be84c7726c89e5bfcb5,a581fbcab373db99a13f191f94521c75c256e080,b51d5d04fac1bd4389653b9ab2ff73ea88f435a3
2021.06.09.14.58.55_veh-35_01095_01484:13b93b0c326b5345,2021.06.09.14.58.55_veh-35_01095_01484,13b93b0c326b5345,behind_long_vehicle,us-nv-las-vegas-strip,1623266548399842,1623266545399842,1623266560399842,0.9447383900450849,1.0,1.0,1.0,1.0,0.8231628481442717,1.0,1.0,1.0,True,,pdm-closed,pdm-closed_mini_20261001T021818248545Z,9162d8ae9d81a1068ca40a1d925a363b16a26e8df9026be84c7726c89e5bfcb5,a581fbcab373db99a13f191f94521c75c256e080,b51d5d04fac1bd4389653b9ab2ff73ea88f435a3
2021.06.09.14.58.55_veh-35_01095_01484:c5457f7f16ca5630,2021.06.09.14.58.55_veh-35_01095_01484,c5457f7f16ca5630,waiting_for_pedestrian_to_cross,us-nv-las-vegas-strip,1623266526501067,1623266523501067,1623266538501067,0.9171505621523478,1.0,1.0,1.0,1.0,0.7348817988875129,1.0,1.0,1.0,True,,idm,idm_mini_20261001T021827737561Z,9162d8ae9d81a1068ca40a1d925a363b16a26e8df9026be84c7726c89e5bfcb5,a581fbcab373db99a13f191f94521c75c256e080,b51d5d04fac1bd4389653b9ab2ff73ea88f435a3
2021.06.09.14.58.55_veh-35_01095_01484:c5457f7f16ca5630,2021.06.09.14.58.55_veh-35_01095_01484,c5457f7f16ca5630,waiting_for_pedestrian_to_cross,us-nv-las-vegas-strip,1623266526501067,1623266523501067,1623266538501067,0.923465985178164,1.0,1.0,1.0,1.0,0.7550911525701249,1.0,1.0,1.0,True,,pdm-closed,pdm-closed_mini_20261001T021818248545Z,9162d8ae9d81a1068ca40a1d925a363b16a26e8df9026be84c7726c89e5bfcb5,a581fbcab373db99a13f191f94521c75c256e080,b51d5d04fac1bd4389653b9ab2ff73ea88f435a3
2021.06.09.14.58.55_veh-35_01894_02311:b2a5c363d1dd5abe,2021.06.09.14.58.55_veh-35_01894_02311,b2a5c363d1dd5abe,changing_lane,us-nv-las-vegas-strip,1623267325999349,1623267322999349,1623267337999349,0.8395526219865952,1.0,1.0,1.0,1.0,0.48656839035710475,1.0,1.0,1.0,True,,idm,idm_mini_20261001T021827737561Z,9162d8ae9d81a1068ca40a1d925a363b16a26e8df9026be84c7726c89e5bfcb5,a581fbcab373db99a13f191f94521c75c256e080,b51d5d04fac1bd4389653b9ab2ff73ea88f435a3
2021.06.09.14.58.55_veh-35_01894_02311:b2a5c363d1dd5abe,2021.06.09.14.58.55_veh-35_01894_02311,b2a5c363d1dd5abe,changing_lane,us-nv-las-vegas-strip,1623267325999349,1623267322999349,1623267337999349,0.985176853192655,1.0,1.0,1.0,1.0,0.9525659302164959,1.0,1.0,1.0,True,,pdm-closed,pdm-closed_mini_20261001T021818248545Z,9162d8ae9d81a1068ca40a1d925a363b16a26e8df9026be84c7726c89e5bfcb5,a581fbcab373db99a13f191f94521c75c256e080,b51d5d04fac1bd4389653b9ab2ff73ea88f435a3
2021.06.09.14.58.55_veh-35_01894_02311:eb39050f288f5914,2021.06.09.14.58.55_veh-35_01894_02311,eb39050f288f5914,behind_long_vehicle,us-nv-las-vegas-strip,1623267374099956,1623267371099956,1623267386099956,1.0,1.0,1.0,1.0,1.0,1.0,1.0,1.0,1.0,True,,idm,idm_mini_20261001T021827737561Z,9162d8ae9d81a1068ca40a1d925a363b16a26e8df9026be84c7726c89e5bfcb5,a581fbcab373db99a13f191f94521c75c256e080,b51d5d04fac1bd4389653b9ab2ff73ea88f435a3
2021.06.09.14.58.55_veh-35_01894_02311:eb39050f288f5914,2021.06.09.14.58.55_veh-35_01894_02311,eb39050f288f5914,behind_long_vehicle,us-nv-las-vegas-strip,1623267374099956,1623267371099956,1623267386099956,1.0,1.0,1.0,1.0,1.0,1.0,1.0,1.0,1.0,True,,pdm-closed,pdm-closed_mini_20261001T021818248545Z,9162d8ae9d81a1068ca40a1d925a363b16a26e8df9026be84c7726c89e5bfcb5,a581fbcab373db99a13f191f94521c75c256e080,b51d5d04fac1bd4389653b9ab2ff73ea88f435a3
2021.06.09.17.23.18_veh-38_02526_03027:9b1b1c1bea835093,2021.06.09.17.23.18_veh-38_02526_03027,9b1b1c1bea835093,traversing_pickup_dropoff,us-nv-las-vegas-strip,1623276514400072,1623276511400072,1623276526400072,1.0,1.0,1.0,1.0,1.0,1.0,1.0,1.0,1.0,True,,idm,idm_mini_20261001T021827737561Z,9162d8ae9d81a1068ca40a1d925a363b16a26e8df9026be84c7726c89e5bfcb5,a581fbcab373db99a13f191f94521c75c256e080,b51d5d04fac1bd4389653b9ab2ff73ea88f435a3
2021.06.09.17.23.18_veh-38_02526_03027:9b1b1c1bea835093,2021.06.09.17.23.18_veh-38_02526_03027,9b1b1c1bea835093,traversing_pickup_dropoff,us-nv-las-vegas-strip,1623276514400072,1623276511400072,1623276526400072,1.0,1.0,1.0,1.0,1.0,1.0,1.0,1.0,1.0,True,,pdm-closed,pdm-closed_mini_20261001T021818248545Z,9162d8ae9d81a1068ca40a1d925a363b16a26e8df9026be84c7726c89e5bfcb5,a581fbcab373db99a13f191f94521c75c256e080,b51d5d04fac1bd4389653b9ab2ff73ea88f435a3
2021.06.09.17.23.18_veh-38_02526_03027:e6c25beb882d538b,2021.06.09.17.23.18_veh-38_02526_03027,e6c25beb882d538b,high_magnitude_speed,us-nv-las-vegas-strip,1623276706999666,1623276703999666,1623276718999666,1.0,1.0,1.0,1.0,1.0,1.0,1.0,1.0,1.0,True,,idm,idm_mini_20261001T021827737561Z,9162d8ae9d81a1068ca40a1d925a363b16a26e8df9026be84c7726c89e5bfcb5,a581fbcab373db99a13f191f94521c75c256e080,b51d5d04fac1bd4389653b9ab2ff73ea88f435a3
2021.06.09.17.23.18_veh-38_02526_03027:e6c25beb882d538b,2021.06.09.17.23.18_veh-38_02526_03027,e6c25beb882d538b,high_magnitude_speed,us-nv-las-vegas-strip,1623276706999666,1623276703999666,1623276718999666,1.0,1.0,1.0,1.0,1.0,1.0,1.0,1.0,1.0,True,,pdm-closed,pdm-closed_mini_20261001T021818248545Z,9162d8ae9d81a1068ca40a1d925a363b16a26e8df9026be84c7726c89e5bfcb5,a581fbcab373db99a13f191f94521c75c256e080,b51d5d04fac1bd4389653b9ab2ff73ea88f435a3
2021.06.09.17.37.09_veh-12_00404_00864:9b9dffebc2fc5f0d,2021.06.09.17.37.09_veh-12_00404_00864,9b9dffebc2fc5f0d,high_magnitude_speed,us-nv-las-vegas-strip,1623275421199847,1623275418199847,1623275433199847,1.0,1.0,1.0,1.0,1.0,1.0,1.0,1.0,1.0,True,,idm,idm_mini_20261001T021827737561Z,9162d8ae9d81a1068ca40a1d925a363b16a26e8df9026be84c7726c89e5bfcb5,a581fbcab373db99a13f191f94521c75c256e080,b51d5d04fac1bd4389653b9ab2ff73ea88f435a3
2021.06.09.17.37.09_veh-12_00404_00864:9b9dffebc2fc5f0d,2021.06.09.17.37.09_veh-12_00404_00864,9b9dffebc2fc5f0d,high_magnitude_speed,us-nv-las-vegas-strip,1623275421199847,1623275418199847,1623275433199847,1.0,1.0,1.0,1.0,1.0,1.0,1.0,1.0,1.0,True,,pdm-closed,pdm-closed_mini_20261001T021818248545Z,9162d8ae9d81a1068ca40a1d925a363b16a26e8df9026be84c7726c89e5bfcb5,a581fbcab373db99a13f191f94521c75c256e080,b51d5d04fac1bd4389653b9ab2ff73ea88f435a3
2021.06.09.17.37.09_veh-12_00404_00864:f9d2a9ce39905cee,2021.06.09.17.37.09_veh-12_00404_00864,f9d2a9ce39905cee,starting_straight_traffic_light_intersection_traversal,us-nv-las-vegas-strip,1623275387349535,1623275384349535,1623275399349535,0.9782252695085024,1.0,1.0,1.0,1.0,0.9303208624272077,1.0,1.0,1.0,True,,idm,idm_mini_20261001T021827737561Z,9162d8ae9d81a1068ca40a1d925a363b16a26e8df9026be84c7726c89e5bfcb5,a581fbcab373db99a13f191f94521c75c256e080,b51d5d04fac1bd4389653b9ab2ff73ea88f435a3
2021.06.09.17.37.09_veh-12_00404_00864:f9d2a9ce39905cee,2021.06.09.17.37.09_veh-12_00404_00864,f9d2a9ce39905cee,starting_straight_traffic_light_intersection_traversal,us-nv-las-vegas-strip,1623275387349535,1623275384349535,1623275399349535,1.0,1.0,1.0,1.0,1.0,1.0,1.0,1.0,1.0,True,,pdm-closed,pdm-closed_mini_20261001T021818248545Z,9162d8ae9d81a1068ca40a1d925a363b16a26e8df9026be84c7726c89e5bfcb5,a581fbcab373db99a13f191f94521c75c256e080,b51d5d04fac1bd4389653b9ab2ff73ea88f435a3
2021.06.14.16.48.02_veh-12_04057_04438:286a027f20f750ad,2021.06.14.16.48.02_veh-12_04057_04438,286a027f20f750ad,near_multiple_vehicles,us-nv-las-vegas-strip,1623707843549667,1623707840549667,1623707855549667,1.0,1.0,1.0,1.0,1.0,1.0,1.0,1.0,1.0,True,,idm,idm_mini_20261001T021827737561Z,9162d8ae9d81a1068ca40a1d925a363b16a26e8df9026be84c7726c89e5bfcb5,a581fbcab373db99a13f191f94521c75c256e080,b51d5d04fac1bd4389653b9ab2ff73ea88f435a3
2021.06.14.16.48.02_veh-12_04057_04438:286a027f20f750ad,2021.06.14.16.48.02_veh-12_04057_04438,286a027f20f750ad,near_multiple_vehicles,us-nv-las-vegas-strip,1623707843549667,1623707840549667,1623707855549667,1.0,1.0,1.0,1.0,1.0,1.0,1.0,1.0,1.0,True,,pdm-closed,pdm-closed_mini_20261001T021818248545Z,9162d8ae9d81a1068ca40a1d925a363b16a26e8df9026be84c7726c89e5bfcb5,a581fbcab373db99a13f191f94521c75c256e080,b51d5d04fac1bd4389653b9ab2ff73ea88f435a3
2021.06.14.16.48.02_veh-12_04978_05337:3fc78d1c5fc55e11,2021.06.14.16.48.02_veh-12_04978_05337,3fc78d1c5fc55e11,stopping_with_lead,us-nv-las-vegas-strip,1623708822350176,1623708819350176,1623708834350176,1.0,1.0,1.0,1.0,1.0,1.0,1.0,1.0,1.0,True,,idm,idm_mini_20261001T021827737561Z,9162d8ae9d81a1068ca40a1d925a363b16a26e8df9026be84c7726c89e5bfcb5,a581fbcab373db99a13f191f94521c75c256e080,b51d5d04fac1bd4389653b9ab2ff73ea88f435a3
2021.06.14.16.48.02_veh-12_04978_05337:3fc78d1c5fc55e11,2021.06.14.16.48.02_veh-12_04978_05337,3fc78d1c5fc55e11,stopping_with_lead,us-nv-las-vegas-strip,1623708822350176,1623708819350176,1623708834350176,1.0,1.0,1.0,1.0,1.0,1.0,1.0,1.0,1.0,True,,pdm-closed,pdm-closed_mini_20261001T021818248545Z,9162d8ae9d81a1068ca40a1d925a363b16a26e8df9026be84c7726c89e5bfcb5,a581fbcab373db99a13f191f94521c75c256e080,b51d5d04fac1bd4389653b9ab2ff73ea88f435a3
2021.06.14.16.48.02_veh-12_04978_05337:6c07d363c2e9574a,2021.06.14.16.48.02_veh-12_04978_05337,6c07d363c2e9574a,following_lane_with_lead,us-nv-las-vegas-strip,1623708902799745,1623708899799745,1623708914799745,0.8578564246407065,1.0,1.0,1.0,1.0,0.5451405588502608,1.0,1.0,1.0,True,,idm,idm_mini_20261001T021827737561Z,9162d8ae9d81a1068ca40a1d925a363b16a26e8df9026be84c7726c89e5bfcb5,a581fbcab373db99a13f191f94521c75c256e080,b51d5d04fac1bd4389653b9ab2ff73ea88f435a3
2021.06.14.16.48.02_veh-12_04978_05337:6c07d363c2e9574a,2021.06.14.16.48.02_veh-12_04978_05337,6c07d363c2e9574a,following_lane_with_lead,us-nv-las-vegas-strip,1623708902799745,1623708899799745,1623708914799745,0.8664287292617167,1.0,1.0,1.0,1.0,0.5725719336374933,1.0,1.0,1.0,True,,pdm-closed,pdm-closed_mini_20261001T021818248545Z,9162d8ae9d81a1068ca40a1d925a363b16a26e8df9026be84c7726c89e5bfcb5,a581fbcab373db99a13f191f94521c75c256e080,b51d5d04fac1bd4389653b9ab2ff73ea88f435a3
2021.06.14.16.48.02_veh-12_04978_05337:99b0c0d728d650c2,2021.06.14.16.48.02_veh-12_04978_05337,99b0c0d728d650c2,starting_left_turn,us-nv-las-vegas-strip,1623708781549986,1623708778549986,1623708793549986,0.5111545766770778,1.0,1.0,1.0,1.0,0.4356946453666488,0.0,1.0,1.0,True,,idm,idm_mini_20261001T021827737561Z,9162d8ae9d81a1068ca40a1d925a363b16a26e8df9026be84c7726c89e5bfcb5,a581fbcab373db99a13f191f94521c75c256e080,b51d5d04fac1bd4389653b9ab2ff73ea88f435a3
2021.06.14.16.48.02_veh-12_04978_05337:99b0c0d728d650c2,2021.06.14.16.48.02_veh-12_04978_05337,99b0c0d728d650c2,starting_left_turn,us-nv-las-vegas-strip,1623708781549986,1623708778549986,1623708793549986,0.8665997367970504,1.0,1.0,1.0,1.0,0.5731191577505611,1.0,1.0,1.0,True,,pdm-closed,pdm-closed_mini_20261001T021818248545Z,9162d8ae9d81a1068ca40a1d925a363b16a26e8df9026be84c7726c89e5bfcb5,a581fbcab373db99a13f191f94521c75c256e080,b51d5d04fac1bd4389653b9ab2ff73ea88f435a3
2021.06.14.19.22.11_veh-38_01480_01860:f67095affea65329,2021.06.14.19.22.11_veh-38_01480_01860,f67095affea65329,following_lane_with_lead,us-nv-las-vegas-strip,1623714517899781,1623714514899781,1623714529899781,1.0,1.0,1.0,1.0,1.0,1.0,1.0,1.0,1.0,True,,idm,idm_mini_20261001T021827737561Z,9162d8ae9d81a1068ca40a1d925a363b16a26e8df9026be84c7726c89e5bfcb5,a581fbcab373db99a13f191f94521c75c256e080,b51d5d04fac1bd4389653b9ab2ff73ea88f435a3
2021.06.14.19.22.11_veh-38_01480_01860:f67095affea65329,2021.06.14.19.22.11_veh-38_01480_01860,f67095affea65329,following_lane_with_lead,us-nv-las-vegas-strip,1623714517899781,1623714514899781,1623714529899781,1.0,1.0,1.0,1.0,1.0,1.0,1.0,1.0,1.0,True,,pdm-closed,pdm-closed_mini_20261001T021818248545Z,9162d8ae9d81a1068ca40a1d925a363b16a26e8df9026be84c7726c89e5bfcb5,a581fbcab373db99a13f191f94521c75c256e080,b51d5d04fac1bd4389653b9ab2ff73ea88f435a3
2021.06.23.15.56.12_veh-16_00839_01285:0718e74e0ddd5080,2021.06.23.15.56.12_veh-16_00839_01285,0718e74e0ddd5080,high_magnitude_speed,us-nv-las-vegas-strip,1624465054399938,1624465051399938,1624465066399938,0.0,0.0,1.0,1.0,1.0,1.0,0.0,1.0,1.0,True,,idm,idm_mini_20261001T021827737561Z,9162d8ae9d81a1068ca40a1d925a363b16a26e8df9026be84c7726c89e5bfcb5,a581fbcab373db99a13f191f94521c75c256e080,b51d5d04fac1bd4389653b9ab2ff73ea88f435a3
2021.06.23.15.56.12_veh-16_00839_01285:0718e74e0ddd5080,2021.06.23.15.56.12_veh-16_00839_01285,0718e74e0ddd5080,high_magnitude_speed,us-nv-las-vegas-strip,1624465054399938,1624465051399938,1624465066399938,1.0,1.0,1.0,1.0,1.0,1.0,1.0,1.0,1.0,True,,pdm-closed,pdm-closed_mini_20261001T021818248545Z,9162d8ae9d81a1068ca40a1d925a363b16a26e8df9026be84c7726c89e5bfcb5,a581fbcab373db99a13f191f94521c75c256e080,b51d5d04fac1bd4389653b9ab2ff73ea88f435a3
2021.06.23.15.56.12_veh-16_00839_01285:6d1811320c635e82,2021.06.23.15.56.12_veh-16_00839_01285,6d1811320c635e82,changing_lane,us-nv-las-vegas-strip,1624465217300855,1624465214300855,1624465229300855,1.0,1.0,1.0,1.0,1.0,1.0,1.0,1.0,1.0,True,,idm,idm_mini_20261001T021827737561Z,9162d8ae9d81a1068ca40a1d925a363b16a26e8df9026be84c7726c89e5bfcb5,a581fbcab373db99a13f191f94521c75c256e080,b51d5d04fac1bd4389653b9ab2ff73ea88f435a3
2021.06.23.15.56.12_veh-16_00839_01285:6d1811320c635e82,2021.06.23.15.56.12_veh-16_00839_01285,6d1811320c635e82,changing_lane,us-nv-las-vegas-strip,1624465217300855,1624465214300855,1624465229300855,0.9818470753977121,1.0,1.0,1.0,1.0,0.9419106412726787,1.0,1.0,1.0,True,,pdm-closed,pdm-closed_mini_20261001T021818248545Z,9162d8ae9d81a1068ca40a1d925a363b16a26e8df9026be84c7726c89e5bfcb5,a581fbcab373db99a13f191f94521c75c256e080,b51d5d04fac1bd4389653b9ab2ff73ea88f435a3
2021.06.23.16.54.19_veh-35_00808_01256:136e1d5212845262,2021.06.23.16.54.19_veh-35_00808_01256,136e1d5212845262,stationary_in_traffic,us-nv-las-vegas-strip,1624468382501633,1624468379501633,1624468394501633,1.0,1.0,1.0,1.0,1.0,1.0,1.0,1.0,1.0,True,,idm,idm_mini_20261001T021827737561Z,9162d8ae9d81a1068ca40a1d925a363b16a26e8df9026be84c7726c89e5bfcb5,a581fbcab373db99a13f191f94521c75c256e080,b51d5d04fac1bd4389653b9ab2ff73ea88f435a3
2021.06.23.16.54.19_veh-35_00808_01256:136e1d5212845262,2021.06.23.16.54.19_veh-35_00808_01256,136e1d5212845262,stationary_in_traffic,us-nv-las-vegas-strip,1624468382501633,1624468379501633,1624468394501633,1.0,1.0,1.0,1.0,1.0,1.0,1.0,1.0,1.0,True,,pdm-closed,pdm-closed_mini_20261001T021818248545Z,9162d8ae9d81a1068ca40a1d925a363b16a26e8df9026be84c7726c89e5bfcb5,a581fbcab373db99a13f191f94521c75c256e080,b51d5d04fac1bd4389653b9ab2ff73ea88f435a3
2021.06.23.16.54.19_veh-35_00808_01256:8e1899e156985232,2021.06.23.16.54.19_veh-35_00808_01256,8e1899e156985232,high_lateral_acceleration,us-nv-las-vegas-strip,1624468230651124,1624468227651124,1624468242651124,0.847951732916066,1.0,1.0,1.0,1.0,0.513445545331411,1.0,1.0,1.0,True,,idm,idm_mini_20261001T021827737561Z,9162d8ae9d81a1068ca40a1d925a363b16a26e8df9026be84c7726c89e5bfcb5,a581fbcab373db99a13f191f94521c75c256e080,b51d5d04fac1bd4389653b9ab2ff73ea88f435a3
2021.06.23.16.54.19_veh-35_00808_01256:8e1899e156985232,2021.06.23.16.54.19_veh-35_00808_01256,8e1899e156985232,high_lateral_acceleration,us-nv-las-vegas-strip,1624468230651124,1624468227651124,1624468242651124,0.8887360126270191,1.0,1.0,1.0,1.0,0.643955240406461,1.0,1.0,1.0,True,,pdm-closed,pdm-closed_mini_20261001T021818248545Z,9162d8ae9d81a1068ca40a1d925a363b16a26e8df9026be84c7726c89e5bfcb5,a581fbcab373db99a13f191f94521c75c256e080,b51d5d04fac1bd4389653b9ab2ff73ea88f435a3
2021.06.23.16.54.19_veh-35_00808_01256:c29ba45c0fb15c0e,2021.06.23.16.54.19_veh-35_00808_01256,c29ba45c0fb15c0e,high_magnitude_speed,us-nv-las-vegas-strip,1624468295850848,1624468292850848,1624468307850848,0.6238718617710909,1.0,1.0,1.0,1.0,0.7963899576674909,0.0,1.0,1.0,True,,idm,idm_mini_20261001T021827737561Z,9162d8ae9d81a1068ca40a1d925a363b16a26e8df9026be84c7726c89e5bfcb5,a581fbcab373db99a13f191f94521c75c256e080,b51d5d04fac1bd4389653b9ab2ff73ea88f435a3
2021.06.23.16.54.19_veh-35_00808_01256:c29ba45c0fb15c0e,2021.06.23.16.54.19_veh-35_00808_01256,c29ba45c0fb15c0e,high_magnitude_speed,us-nv-las-vegas-strip,1624468295850848,1624468292850848,1624468307850848,1.0,1.0,1.0,1.0,1.0,1.0,1.0,1.0,1.0,True,,pdm-closed,pdm-closed_mini_20261001T021818248545Z,9162d8ae9d81a1068ca40a1d925a363b16a26e8df9026be84c7726c89e5bfcb5,a581fbcab373db99a13f191f94521c75c256e080,b51d5d04fac1bd4389653b9ab2ff73ea88f435a3
2021.06.23.17.31.36_veh-16_00016_00377:59f8a43c03c05e43,2021.06.23.17.31.36_veh-16_00016_00377,59f8a43c03c05e43,high_lateral_acceleration,us-nv-las-vegas-strip,1624470001500495,1624469998500495,1624470013500495,0.9913551556936375,1.0,1.0,1.0,1.0,0.9723364982196402,1.0,1.0,1.0,True,,idm,idm_mini_20261001T021827737561Z,9162d8ae9d81a1068ca40a1d925a363b16a26e8df9026be84c7726c89e5bfcb5,a581fbcab373db99a13f191f94521c75c256e080,b51d5d04fac1bd4389653b9ab2ff73ea88f435a3
2021.06.23.17.31.36_veh-16_00016_00377:59f8a43c03c05e43,2021.06.23.17.31.36_veh-16_00016_00377,59f8a43c03c05e43,high_lateral_acceleration,us-nv-las-vegas-strip,1624470001500495,1624469998500495,1624470013500495,1.0,1.0,1.0,1.0,1.0,1.0,1.0,1.0,1.0,True,,pdm-closed,pdm-closed_mini_20261001T021818248545Z,9162d8ae9d81a1068ca40a1d925a363b16a26e8df9026be84c7726c89e5bfcb5,a581fbcab373db99a13f191f94521c75c256e080,b51d5d04fac1bd4389653b9ab2ff73ea88f435a3
2021.06.28.15.02.02_veh-38_02398_02848:59b81dcb58825ed9,2021.06.28.15.02.02_veh-38_02398_02848,59b81dcb58825ed9,behind_long_vehicle,us-nv-las-vegas-strip,1624895170200315,1624895167200315,1624895182200315,0.9786074678104164,1.0,1.0,1.0,1.0,0.9315438969933325,1.0,1.0,1.0,True,,idm,idm_mini_20261001T021827737561Z,9162d8ae9d81a1068ca40a1d925a363b16a26e8df9026be84c7726c89e5bfcb5,a581fbcab373db99a13f191f94521c75c256e080,b51d5d04fac1bd4389653b9ab2ff73ea88f435a3
2021.06.28.15.02.02_veh-38_02398_02848:59b81dcb58825ed9,2021.06.28.15.02.02_veh-38_02398_02848,59b81dcb58825ed9,behind_long_vehicle,us-nv-las-vegas-strip,1624895170200315,1624895167200315,1624895182200315,1.0,1.0,1.0,1.0,1.0,1.0,1.0,1.0,1.0,True,,pdm-closed,pdm-closed_mini_20261001T021818248545Z,9162d8ae9d81a1068ca40a1d925a363b16a26e8df9026be84c7726c89e5bfcb5,a581fbcab373db99a13f191f94521c75c256e080,b51d5d04fac1bd4389653b9ab2ff73ea88f435a3
2021.06.28.15.02.02_veh-38_02398_02848:77e404c84d6b5d36,2021.06.28.15.02.02_veh-38_02398_02848,77e404c84d6b5d36,behind_long_vehicle,us-nv-las-vegas-strip,1624895117400058,1624895114400058,1624895129400058,1.0,1.0,1.0,1.0,1.0,1.0,1.0,1.0,1.0,True,,idm,idm_mini_20261001T021827737561Z,9162d8ae9d81a1068ca40a1d925a363b16a26e8df9026be84c7726c89e5bfcb5,a581fbcab373db99a13f191f94521c75c256e080,b51d5d04fac1bd4389653b9ab2ff73ea88f435a3
2021.06.28.15.02.02_veh-38_02398_02848:77e404c84d6b5d36,2021.06.28.15.02.02_veh-38_02398_02848,77e404c84d6b5d36,behind_long_vehicle,us-nv-las-vegas-strip,1624895117400058,1624895114400058,1624895129400058,1.0,1.0,1.0,1.0,1.0,1.0,1.0,1.0,1.0,True,,pdm-closed,pdm-closed_mini_20261001T021818248545Z,9162d8ae9d81a1068ca40a1d925a363b16a26e8df9026be84c7726c89e5bfcb5,a581fbcab373db99a13f191f94521c75c256e080,b51d5d04fac1bd4389653b9ab2ff73ea88f435a3
2021.06.28.15.02.02_veh-38_02398_02848:d515719a27ec512d,2021.06.28.15.02.02_veh-38_02398_02848,d515719a27ec512d,behind_long_vehicle,us-nv-las-vegas-strip,1624895101299922,1624895098299922,1624895113299922,1.0,1.0,1.0,1.0,1.0,1.0,1.0,1.0,1.0,True,,idm,idm_mini_20261001T021827737561Z,9162d8ae9d81a1068ca40a1d925a363b16a26e8df9026be84c7726c89e5bfcb5,a581fbcab373db99a13f191f94521c75c256e080,b51d5d04fac1bd4389653b9ab2ff73ea88f435a3
2021.06.28.15.02.02_veh-38_02398_02848:d515719a27ec512d,2021.06.28.15.02.02_veh-38_02398_02848,d515719a27ec512d,behind_long_vehicle,us-nv-las-vegas-strip,1624895101299922,1624895098299922,1624895113299922,1.0,1.0,1.0,1.0,1.0,1.0,1.0,1.0,1.0,True,,pdm-closed,pdm-closed_mini_20261001T021818248545Z,9162d8ae9d81a1068ca40a1d925a363b16a26e8df9026be84c7726c89e5bfcb5,a581fbcab373db99a13f191f94521c75c256e080,b51d5d04fac1bd4389653b9ab2ff73ea88f435a3
2021.06.28.16.29.11_veh-38_01415_01821:5b3274070f165cfb,2021.06.28.16.29.11_veh-38_01415_01821,5b3274070f165cfb,near_multiple_vehicles,us-nv-las-vegas-strip,1624899529099896,1624899526099896,1624899541099896,1.0,1.0,1.0,1.0,1.0,1.0,1.0,1.0,1.0,True,,idm,idm_mini_20261001T021827737561Z,9162d8ae9d81a1068ca40a1d925a363b16a26e8df9026be84c7726c89e5bfcb5,a581fbcab373db99a13f191f94521c75c256e080,b51d5d04fac1bd4389653b9ab2ff73ea88f435a3
2021.06.28.16.29.11_veh-38_01415_01821:5b3274070f165cfb,2021.06.28.16.29.11_veh-38_01415_01821,5b3274070f165cfb,near_multiple_vehicles,us-nv-las-vegas-strip,1624899529099896,1624899526099896,1624899541099896,1.0,1.0,1.0,1.0,1.0,1.0,1.0,1.0,1.0,True,,pdm-closed,pdm-closed_mini_20261001T021818248545Z,9162d8ae9d81a1068ca40a1d925a363b16a26e8df9026be84c7726c89e5bfcb5,a581fbcab373db99a13f191f94521c75c256e080,b51d5d04fac1bd4389653b9ab2ff73ea88f435a3
2021.06.28.16.29.11_veh-38_01415_01821:ba7a7db085de5bab,2021.06.28.16.29.11_veh-38_01415_01821,ba7a7db085de5bab,starting_right_turn,us-nv-las-vegas-strip,1624899511099812,1624899508099812,1624899523099812,1.0,1.0,1.0,1.0,1.0,1.0,1.0,1.0,1.0,True,,idm,idm_mini_20261001T021827737561Z,9162d8ae9d81a1068ca40a1d925a363b16a26e8df9026be84c7726c89e5bfcb5,a581fbcab373db99a13f191f94521c75c256e080,b51d5d04fac1bd4389653b9ab2ff73ea88f435a3
2021.06.28.16.29.11_veh-38_01415_01821:ba7a7db085de5bab,2021.06.28.16.29.11_veh-38_01415_01821,ba7a7db085de5bab,starting_right_turn,us-nv-las-vegas-strip,1624899511099812,1624899508099812,1624899523099812,1.0,1.0,1.0,1.0,1.0,1.0,1.0,1.0,1.0,True,,pdm-closed,pdm-closed_mini_20261001T021818248545Z,9162d8ae9d81a1068ca40a1d925a363b16a26e8df9026be84c7726c89e5bfcb5,a581fbcab373db99a13f191f94521c75c256e080,b51d5d04fac1bd4389653b9ab2ff73ea88f435a3
2021.06.28.16.29.11_veh-38_03263_03766:622ec3a20ca152c2,2021.06.28.16.29.11_veh-38_03263_03766,622ec3a20ca152c2,starting_right_turn,us-nv-las-vegas-strip,1624901316249375,1624901313249375,1624901328249375,1.0,1.0,1.0,1.0,1.0,1.0,1.0,1.0,1.0,True,,idm,idm_mini_20261001T021827737561Z,9162d8ae9d81a1068ca40a1d925a363b16a26e8df9026be84c7726c89e5bfcb5,a581fbcab373db99a13f191f94521c75c256e080,b51d5d04fac1bd4389653b9ab2ff73ea88f435a3
2021.06.28.16.29.11_veh-38_03263_03766:622ec3a20ca152c2,2021.06.28.16.29.11_veh-38_03263_03766,622ec3a20ca152c2,starting_right_turn,us-nv-las-vegas-strip,1624901316249375,1624901313249375,1624901328249375,1.0,1.0,1.0,1.0,1.0,1.0,1.0,1.0,1.0,True,,pdm-closed,pdm-closed_mini_20261001T021818248545Z,9162d8ae9d81a1068ca40a1d925a363b16a26e8df9026be84c7726c89e5bfcb5,a581fbcab373db99a13f191f94521c75c256e080,b51d5d04fac1bd4389653b9ab2ff73ea88f435a3
2021.06.28.16.57.59_veh-26_00016_00484:2845a5483a0f57de,2021.06.28.16.57.59_veh-26_00016_00484,2845a5483a0f57de,high_lateral_acceleration,us-nv-las-vegas-strip,1624899760148280,1624899757148280,1624899772148280,1.0,1.0,1.0,1.0,1.0,1.0,1.0,1.0,1.0,True,,idm,idm_mini_20261001T021827737561Z,9162d8ae9d81a1068ca40a1d925a363b16a26e8df9026be84c7726c89e5bfcb5,a581fbcab373db99a13f191f94521c75c256e080,b51d5d04fac1bd4389653b9ab2ff73ea88f435a3
2021.06.28.16.57.59_veh-26_00016_00484:2845a5483a0f57de,2021.06.28.16.57.59_veh-26_00016_00484,2845a5483a0f57de,high_lateral_acceleration,us-nv-las-vegas-strip,1624899760148280,1624899757148280,1624899772148280,1.0,1.0,1.0,1.0,1.0,1.0,1.0,1.0,1.0,True,,pdm-closed,pdm-closed_mini_20261001T021818248545Z,9162d8ae9d81a1068ca40a1d925a363b16a26e8df9026be84c7726c89e5bfcb5,a581fbcab373db99a13f191f94521c75c256e080,b51d5d04fac1bd4389653b9ab2ff73ea88f435a3
2021.06.28.16.57.59_veh-26_00016_00484:b3a52004b1af5472,2021.06.28.16.57.59_veh-26_00016_00484,b3a52004b1af5472,traversing_pickup_dropoff,us-nv-las-vegas-strip,1624899670348347,1624899667348347,1624899682348347,0.9376463595132678,1.0,1.0,1.0,1.0,0.9954076724983764,1.0,0.7563258474301009,1.0,True,,idm,idm_mini_20261001T021827737561Z,9162d8ae9d81a1068ca40a1d925a363b16a26e8df9026be84c7726c89e5bfcb5,a581fbcab373db99a13f191f94521c75c256e080,b51d5d04fac1bd4389653b9ab2ff73ea88f435a3
2021.06.28.16.57.59_veh-26_00016_00484:b3a52004b1af5472,2021.06.28.16.57.59_veh-26_00016_00484,b3a52004b1af5472,traversing_pickup_dropoff,us-nv-las-vegas-strip,1624899670348347,1624899667348347,1624899682348347,0.0,1.0,0.0,1.0,1.0,0.9711697415545641,1.0,0.9628908151525166,1.0,True,,pdm-closed,pdm-closed_mini_20261001T021818248545Z,9162d8ae9d81a1068ca40a1d925a363b16a26e8df9026be84c7726c89e5bfcb5,a581fbcab373db99a13f191f94521c75c256e080,b51d5d04fac1bd4389653b9ab2ff73ea88f435a3
2021.07.09.17.06.37_veh-35_00258_00748:f30966cb403c5b57,2021.07.09.17.06.37_veh-35_00258_00748,f30966cb403c5b57,following_lane_with_lead,us-nv-las-vegas-strip,1625850944001364,1625850941001364,1625850956001364,0.9793742602531414,1.0,1.0,1.0,1.0,0.9339976328100529,1.0,1.0,1.0,True,,idm,idm_mini_20261001T021827737561Z,9162d8ae9d81a1068ca40a1d925a363b16a26e8df9026be84c7726c89e5bfcb5,a581fbcab373db99a13f191f94521c75c256e080,b51d5d04fac1bd4389653b9ab2ff73ea88f435a3
2021.07.09.17.06.37_veh-35_00258_00748:f30966cb403c5b57,2021.07.09.17.06.37_veh-35_00258_00748,f30966cb403c5b57,following_lane_with_lead,us-nv-las-vegas-strip,1625850944001364,1625850941001364,1625850956001364,0.9802320431425865,1.0,1.0,1.0,1.0,0.9367425380562768,1.0,1.0,1.0,True,,pdm-closed,pdm-closed_mini_20261001T021818248545Z,9162d8ae9d81a1068ca40a1d925a363b16a26e8df9026be84c7726c89e5bfcb5,a581fbcab373db99a13f191f94521c75c256e080,b51d5d04fac1bd4389653b9ab2ff73ea88f435a3
2021.07.16.00.51.05_veh-17_01352_01901:cf539230363d5b82,2021.07.16.00.51.05_veh-17_01352_01901,cf539230363d5b82,traversing_pickup_dropoff,us-nv-las-vegas-strip,1626398313150591,1626398310150591,1626398325150591,0.0,1.0,0.0,1.0,1.0,1.0,0.0,0.5862779228391608,1.0,True,,idm,idm_mini_20261001T021827737561Z,9162d8ae9d81a1068ca40a1d925a363b16a26e8df9026be84c7726c89e5bfcb5,a581fbcab373db99a13f191f94521c75c256e080,b51d5d04fac1bd4389653b9ab2ff73ea88f435a3
2021.07.16.00.51.05_veh-17_01352_01901:cf539230363d5b82,2021.07.16.00.51.05_veh-17_01352_01901,cf539230363d5b82,traversing_pickup_dropoff,us-nv-las-vegas-strip,1626398313150591,1626398310150591,1626398325150591,0.0,1.0,0.0,1.0,1.0,1.0,1.0,0.9581398278063282,0.0,True,,pdm-closed,pdm-closed_mini_20261001T021818248545Z,9162d8ae9d81a1068ca40a1d925a363b16a26e8df9026be84c7726c89e5bfcb5,a581fbcab373db99a13f191f94521c75c256e080,b51d5d04fac1bd4389653b9ab2ff73ea88f435a3
2021.07.16.18.06.21_veh-38_04471_04922:76b0c285e8bb50e4,2021.07.16.18.06.21_veh-38_04471_04922,76b0c285e8bb50e4,stationary_in_traffic,us-nv-las-vegas-strip,1626464365400148,1626464362400148,1626464377400148,1.0,1.0,1.0,1.0,1.0,1.0,1.0,1.0,1.0,True,,idm,idm_mini_20261001T021827737561Z,9162d8ae9d81a1068ca40a1d925a363b16a26e8df9026be84c7726c89e5bfcb5,a581fbcab373db99a13f191f94521c75c256e080,b51d5d04fac1bd4389653b9ab2ff73ea88f435a3
2021.07.16.18.06.21_veh-38_04471_04922:76b0c285e8bb50e4,2021.07.16.18.06.21_veh-38_04471_04922,76b0c285e8bb50e4,stationary_in_traffic,us-nv-las-vegas-strip,1626464365400148,1626464362400148,1626464377400148,1.0,1.0,1.0,1.0,1.0,1.0,1.0,1.0,1.0,True,,pdm-closed,pdm-closed_mini_20261001T021818248545Z,9162d8ae9d81a1068ca40a1d925a363b16a26e8df9026be84c7726c89e5bfcb5,a581fbcab373db99a13f191f94521c75c256e080,b51d5d04fac1bd4389653b9ab2ff73ea88f435a3
2021.07.16.18.06.21_veh-38_04933_05307:57816d0acc8a501e,2021.07.16.18.06.21_veh-38_04933_05307,57816d0acc8a501e,waiting_for_pedestrian_to_cross,us-nv-las-vegas-strip,1626464733600362,1626464730600362,1626464745600362,0.0,0.0,0.0,1.0,1.0,0.4148030169908907,0.0,1.0,1.0,True,,idm,idm_mini_20261001T021827737561Z,9162d8ae9d81a1068ca40a1d925a363b16a26e8df9026be84c7726c89e5bfcb5,a581fbcab373db99a13f191f94521c75c256e080,b51d5d04fac1bd4389653b9ab2ff73ea88f435a3
2021.07.16.18.06.21_veh-38_04933_05307:57816d0acc8a501e,2021.07.16.18.06.21_veh-38_04933_05307,57816d0acc8a501e,waiting_for_pedestrian_to_cross,us-nv-las-vegas-strip,1626464733600362,1626464730600362,1626464745600362,0.9271654550652022,1.0,1.0,1.0,1.0,0.7669294562086473,1.0,1.0,1.0,True,,pdm-closed,pdm-closed_mini_20261001T021818248545Z,9162d8ae9d81a1068ca40a1d925a363b16a26e8df9026be84c7726c89e5bfcb5,a581fbcab373db99a13f191f94521c75c256e080,b51d5d04fac1bd4389653b9ab2ff73ea88f435a3
2021.07.16.18.06.21_veh-38_04933_05307:b016ab003e3f5d18,2021.07.16.18.06.21_veh-38_04933_05307,b016ab003e3f5d18,stopping_with_lead,us-nv-las-vegas-strip,1626464932650897,1626464929650897,1626464944650897,1.0,1.0,1.0,1.0,1.0,1.0,1.0,1.0,1.0,True,,idm,idm_mini_20261001T021827737561Z,9162d8ae9d81a1068ca40a1d925a363b16a26e8df9026be84c7726c89e5bfcb5,a581fbcab373db99a13f191f94521c75c256e080,b51d5d04fac1bd4389653b9ab2ff73ea88f435a3
2021.07.16.18.06.21_veh-38_04933_05307:b016ab003e3f5d18,2021.07.16.18.06.21_veh-38_04933_05307,b016ab003e3f5d18,stopping_with_lead,us-nv-las-vegas-strip,1626464932650897,1626464929650897,1626464944650897,1.0,1.0,1.0,1.0,1.0,1.0,1.0,1.0,1.0,True,,pdm-closed,pdm-closed_mini_20261001T021818248545Z,9162d8ae9d81a1068ca40a1d925a363b16a26e8df9026be84c7726c89e5bfcb5,a581fbcab373db99a13f191f94521c75c256e080,b51d5d04fac1bd4389653b9ab2ff73ea88f435a3
2021.07.16.20.45.29_veh-35_01095_01486:e55cc719e4405b03,2021.07.16.20.45.29_veh-35_01095_01486,e55cc719e4405b03,starting_straight_traffic_light_intersection_traversal,us-nv-las-vegas-strip,1626469644350447,1626469641350447,1626469656350447,0.9759511030413863,1.0,1.0,1.0,1.0,0.9230435297324361,1.0,1.0,1.0,True,,idm,idm_mini_20261001T021827737561Z,9162d8ae9d81a1068ca40a1d925a363b16a26e8df9026be84c7726c89e5bfcb5,a581fbcab373db99a13f191f94521c75c256e080,b51d5d04fac1bd4389653b9ab2ff73ea88f435a3
2021.07.16.20.45.29_veh-35_01095_01486:e55cc719e4405b03,2021.07.16.20.45.29_veh-35_01095_01486,e55cc719e4405b03,starting_straight_traffic_light_intersection_traversal,us-nv-las-vegas-strip,1626469644350447,1626469641350447,1626469656350447,0.9853694974112119,1.0,1.0,1.0,1.0,0.9531823917158783,1.0,1.0,1.0,True,,pdm-closed,pdm-closed_mini_20261001T021818248545Z,9162d8ae9d81a1068ca40a1d925a363b16a26e8df9026be84c7726c89e5bfcb5,a581fbcab373db99a13f191f94521c75c256e080,b51d5d04fac1bd4389653b9ab2ff73ea88f435a3
2021.07.24.20.37.45_veh-17_00015_00375:22068c897a3f5149,2021.07.24.20.37.45_veh-17_00015_00375,22068c897a3f5149,high_lateral_acceleration,us-nv-las-vegas-strip,1627159330849518,1627159327849518,1627159342849518,1.0,1.0,1.0,1.0,1.0,1.0,1.0,1.0,1.0,True,,idm,idm_mini_20261001T021827737561Z,9162d8ae9d81a1068ca40a1d925a363b16a26e8df9026be84c7726c89e5bfcb5,a581fbcab373db99a13f191f94521c75c256e080,b51d5d04fac1bd4389653b9ab2ff73ea88f435a3
2021.07.24.20.37.45_veh-17_00015_00375:22068c897a3f5149,2021.07.24.20.37.45_veh-17_00015_00375,22068c897a3f5149,high_lateral_acceleration,us-nv-las-vegas-strip,1627159330849518,1627159327849518,1627159342849518,1.0,1.0,1.0,1.0,1.0,1.0,1.0,1.0,1.0,True,,pdm-closed,pdm-closed_mini_20261001T021818248545Z,9162d8ae9d81a1068ca40a1d925a363b16a26e8df9026be84c7726c89e5bfcb5,a581fbcab373db99a13f191f94521c75c256e080,b51d5d04fac1bd4389653b9ab2ff73ea88f435a3
2021.07.24.23.50.16_veh-17_01696_02071:d780b19e99f05fb4,2021.07.24.23.50.16_veh-17_01696_02071,d780b19e99f05fb4,starting_left_turn,us-nv-las-vegas-strip,1627172431150035,1627172428150035,1627172443150035,0.9999970765762635,1.0,1.0,1.0,1.0,0.9999906450440431,1.0,1.0,1.0,True,,idm,idm_mini_20261001T021827737561Z,9162d8ae9d81a1068ca40a1d925a363b16a26e8df9026be84c7726c89e5bfcb5,a581fbcab373db99a13f191f94521c75c256e080,b51d5d04fac1bd4389653b9ab2ff73ea88f435a3
2021.07.24.23.50.16_veh-17_01696_02071:d780b19e99f05fb4,2021.07.24.23.50.16_veh-17_01696_02071,d780b19e99f05fb4,starting_left_turn,us-nv-las-vegas-strip,1627172431150035,1627172428150035,1627172443150035,1.0,1.0,1.0,1.0,1.0,1.0,1.0,1.0,1.0,True,,pdm-closed,pdm-closed_mini_20261001T021818248545Z,9162d8ae9d81a1068ca40a1d925a363b16a26e8df9026be84c7726c89e5bfcb5,a581fbcab373db99a13f191f94521c75c256e080,b51d5d04fac1bd4389653b9ab2ff73ea88f435a3
2021.08.17.16.57.11_veh-08_01200_01636:20920db9a1ad5498,2021.08.17.16.57.11_veh-08_01200_01636,20920db9a1ad5498,waiting_for_pedestrian_to_cross,us-pa-pittsburgh-hazelwood,1629220877600132,1629220874600132,1629220889600132,0.845699231691212,1.0,1.0,1.0,1.0,0.5062375414118783,1.0,1.0,1.0,True,,idm,idm_mini_20261001T021827737561Z,9162d8ae9d81a1068ca40a1d925a363b16a26e8df9026be84c7726c89e5bfcb5,a581fbcab373db99a13f191f94521c75c256e080,b51d5d04fac1bd4389653b9ab2ff73ea88f435a3
2021.08.17.16.57.11_veh-08_01200_01636:20920db9a1ad5498,2021.08.17.16.57.11_veh-08_01200_01636,20920db9a1ad5498,waiting_for_pedestrian_to_cross,us-pa-pittsburgh-hazelwood,1629220877600132,1629220874600132,1629220889600132,0.9174953392289207,1.0,1.0,1.0,1.0,0.7359850855325462,1.0,1.0,1.0,True,,pdm-closed,pdm-closed_mini_20261001T021818248545Z,9162d8ae9d81a1068ca40a1d925a363b16a26e8df9026be84c7726c89e5bfcb5,a581fbcab373db99a13f191f94521c75c256e080,b51d5d04fac1bd4389653b9ab2ff73ea88f435a3
2021.08.17.16.57.11_veh-08_01200_01636:9e30155b8bb55fd9,2021.08.17.16.57.11_veh-08_01200_01636,9e30155b8bb55fd9,changing_lane,us-pa-pittsburgh-hazelwood,1629220967449692,1629220964449692,1629220979449692,0.0,1.0,0.0,1.0,1.0,0.9779906124986906,1.0,1.0,1.0,True,,idm,idm_mini_20261001T021827737561Z,9162d8ae9d81a1068ca40a1d925a363b16a26e8df9026be84c7726c89e5bfcb5,a581fbcab373db99a13f191f94521c75c256e080,b51d5d04fac1bd4389653b9ab2ff73ea88f435a3
2021.08.17.16.57.11_veh-08_01200_01636:9e30155b8bb55fd9,2021.08.17.16.57.11_veh-08_01200_01636,9e30155b8bb55fd9,changing_lane,us-pa-pittsburgh-hazelwood,1629220967449692,1629220964449692,1629220979449692,0.9853831616779727,1.0,1.0,1.0,1.0,0.9532261173695126,1.0,1.0,1.0,True,,pdm-closed,pdm-closed_mini_20261001T021818248545Z,9162d8ae9d81a1068ca40a1d925a363b16a26e8df9026be84c7726c89e5bfcb5,a581fbcab373db99a13f191f94521c75c256e080,b51d5d04fac1bd4389653b9ab2ff73ea88f435a3
2021.08.17.16.57.11_veh-08_01200_01636:e78547e822d95cf3,2021.08.17.16.57.11_veh-08_01200_01636,e78547e822d95cf3,starting_straight_traffic_light_intersection_traversal,us-pa-pittsburgh-hazelwood,1629220909299843,1629220906299843,1629220921299843,0.9668438636071784,1.0,1.0,1.0,1.0,1.0,1.0,0.8673754544287138,1.0,True,,idm,idm_mini_20261001T021827737561Z,9162d8ae9d81a1068ca40a1d925a363b16a26e8df9026be84c7726c89e5bfcb5,a581fbcab373db99a13f191f94521c75c256e080,b51d5d04fac1bd4389653b9ab2ff73ea88f435a3
2021.08.17.16.57.11_veh-08_01200_01636:e78547e822d95cf3,2021.08.17.16.57.11_veh-08_01200_01636,e78547e822d95cf3,starting_straight_traffic_light_intersection_traversal,us-pa-pittsburgh-hazelwood,1629220909299843,1629220906299843,1629220921299843,0.875,1.0,1.0,1.0,1.0,1.0,1.0,1.0,0.0,True,,pdm-closed,pdm-closed_mini_20261001T021818248545Z,9162d8ae9d81a1068ca40a1d925a363b16a26e8df9026be84c7726c89e5bfcb5,a581fbcab373db99a13f191f94521c75c256e080,b51d5d04fac1bd4389653b9ab2ff73ea88f435a3
2021.08.17.17.17.01_veh-45_02314_02798:34af2e884f1e538f,2021.08.17.17.17.01_veh-45_02314_02798,34af2e884f1e538f,starting_right_turn,us-pa-pittsburgh-hazelwood,1629223222100138,1629223219100138,1629223234100138,0.0,1.0,0.0,1.0,1.0,0.7478435526826958,1.0,1.0,1.0,True,,idm,idm_mini_20261001T021827737561Z,9162d8ae9d81a1068ca40a1d925a363b16a26e8df9026be84c7726c89e5bfcb5,a581fbcab373db99a13f191f94521c75c256e080,b51d5d04fac1bd4389653b9ab2ff73ea88f435a3
2021.08.17.17.17.01_veh-45_02314_02798:34af2e884f1e538f,2021.08.17.17.17.01_veh-45_02314_02798,34af2e884f1e538f,starting_right_turn,us-pa-pittsburgh-hazelwood,1629223222100138,1629223219100138,1629223234100138,0.9763332604722965,1.0,1.0,1.0,1.0,0.9242664335113486,1.0,1.0,1.0,True,,pdm-closed,pdm-closed_mini_20261001T021818248545Z,9162d8ae9d81a1068ca40a1d925a363b16a26e8df9026be84c7726c89e5bfcb5,a581fbcab373db99a13f191f94521c75c256e080,b51d5d04fac1bd4389653b9ab2ff73ea88f435a3
2021.08.17.17.17.01_veh-45_02314_02798:86e3902d70865151,2021.08.17.17.17.01_veh-45_02314_02798,86e3902d70865151,starting_left_turn,us-pa-pittsburgh-hazelwood,1629223123399598,1629223120399598,1629223135399598,0.8327070521307589,1.0,1.0,1.0,1.0,0.4646625668184284,1.0,1.0,1.0,True,,idm,idm_mini_20261001T021827737561Z,9162d8ae9d81a1068ca40a1d925a363b16a26e8df9026be84c7726c89e5bfcb5,a581fbcab373db99a13f191f94521c75c256e080,b51d5d04fac1bd4389653b9ab2ff73ea88f435a3
2021.08.17.17.17.01_veh-45_02314_02798:86e3902d70865151,2021.08.17.17.17.01_veh-45_02314_02798,86e3902d70865151,starting_left_turn,us-pa-pittsburgh-hazelwood,1629223123399598,1629223120399598,1629223135399598,0.8382513092407805,1.0,1.0,1.0,1.0,0.48240418957049774,1.0,1.0,1.0,True,,pdm-closed,pdm-closed_mini_20261001T021818248545Z,9162d8ae9d81a1068ca40a1d925a363b16a26e8df9026be84c7726c89e5bfcb5,a581fbcab373db99a13f191f94521c75c256e080,b51d5d04fac1bd4389653b9ab2ff73ea88f435a3
2021.08.30.14.54.34_veh-40_00439_00835:05f9092e219d59f2,2021.08.30.14.54.34_veh-40_00439_00835,05f9092e219d59f2,changing_lane,us-ma-boston,1630335849200314,1630335846200314,1630335861200314,1.0,1.0,1.0,1.0,1.0,1.0,1.0,1.0,1.0,True,,idm,idm_mini_20261001T021827737561Z,9162d8ae9d81a1068ca40a1d925a363b16a26e8df9026be84c7726c89e5bfcb5,a581fbcab373db99a13f191f94521c75c256e080,b51d5d04fac1bd4389653b9ab2ff73ea88f435a3
2021.08.30.14.54.34_veh-40_00439_00835:05f9092e219d59f2,2021.08.30.14.54.34_veh-40_00439_00835,05f9092e219d59f2,changing_lane,us-ma-boston,1630335849200314,1630335846200314,1630335861200314,1.0,1.0,1.0,1.0,1.0,1.0,1.0,1.0,1.0,True,,pdm-closed,pdm-closed_mini_20261001T021818248545Z,9162d8ae9d81a1068ca40a1d925a363b16a26e8df9026be84c7726c89e5bfcb5,a581fbcab373db99a13f191f94521c75c256e080,b51d5d04fac1bd4389653b9ab2ff73ea88f435a3
2021.08.30.14.54.34_veh-40_00439_00835:6418edb6f9925170,2021.08.30.14.54.34_veh-40_00439_00835,6418edb6f9925170,high_lateral_acceleration,us-ma-boston,1630335920400389,1630335917400389,1630335932400389,0.7041366392665066,1.0,1.0,1.0,1.0,0.4532372456528211,1.0,1.0,0.0,True,,idm,idm_mini_20261001T021827737561Z,9162d8ae9d81a1068ca40a1d925a363b16a26e8df9026be84c7726c89e5bfcb5,a581fbcab373db99a13f191f94521c75c256e080,b51d5d04fac1bd4389653b9ab2ff73ea88f435a3
2021.08.30.14.54.34_veh-40_00439_00835:6418edb6f9925170,2021.08.30.14.54.34_veh-40_00439_00835,6418edb6f9925170,high_lateral_acceleration,us-ma-boston,1630335920400389,1630335917400389,1630335932400389,0.875,1.0,1.0,1.0,1.0,1.0,1.0,1.0,0.0,True,,pdm-closed,pdm-closed_mini_20261001T021818248545Z,9162d8ae9d81a1068ca40a1d925a363b16a26e8df9026be84c7726c89e5bfcb5,a581fbcab373db99a13f191f94521c75c256e080,b51d5d04fac1bd4389653b9ab2ff73ea88f435a3
2021.09.16.15.12.03_veh-42_01037_01434:62902251e40056a1,2021.09.16.15.12.03_veh-42_01037_01434,62902251e40056a1,near_multiple_vehicles,us-pa-pittsburgh-hazelwood,1631806348949618,1631806345949618,1631806360949618,0.0,0.0,1.0,1.0,1.0,0.2026099427713707,0.0,1.0,0.0,True,,idm,idm_mini_20261001T021827737561Z,9162d8ae9d81a1068ca40a1d925a363b16a26e8df9026be84c7726c89e5bfcb5,a581fbcab373db99a13f191f94521c75c256e080,b51d5d04fac1bd4389653b9ab2ff73ea88f435a3
2021.09.16.15.12.03_veh-42_01037_01434:62902251e40056a1,2021.09.16.15.12.03_veh-42_01037_01434,62902251e40056a1,near_multiple_vehicles,us-pa-pittsburgh-hazelwood,1631806348949618,1631806345949618,1631806360949618,0.3176785706674671,1.0,1.0,1.0,1.0,0.2165714261358946,0.0,1.0,0.0,True,,pdm-closed,pdm-closed_mini_20261001T021818248545Z,9162d8ae9d81a1068ca40a1d925a363b16a26e8df9026be84c7726c89e5bfcb5,a581fbcab373db99a13f191f94521c75c256e080,b51d5d04fac1bd4389653b9ab2ff73ea88f435a3
2021.09.16.15.12.03_veh-42_01037_01434:b7a660136576564c,2021.09.16.15.12.03_veh-42_01037_01434,b7a660136576564c,starting_left_turn,us-pa-pittsburgh-hazelwood,1631806418599651,1631806415599651,1631806430599651,0.7767243942504283,1.0,1.0,1.0,1.0,0.2855180616013706,1.0,1.0,1.0,True,,idm,idm_mini_20261001T021827737561Z,9162d8ae9d81a1068ca40a1d925a363b16a26e8df9026be84c7726c89e5bfcb5,a581fbcab373db99a13f191f94521c75c256e080,b51d5d04fac1bd4389653b9ab2ff73ea88f435a3
2021.09.16.15.12.03_veh-42_01037_01434:b7a660136576564c,2021.09.16.15.12.03_veh-42_01037_01434,b7a660136576564c,starting_left_turn,us-pa-pittsburgh-hazelwood,1631806418599651,1631806415599651,1631806430599651,0.0,1.0,1.0,0.0,1.0,0.12122306627447939,1.0,1.0,1.0,True,,pdm-closed,pdm-closed_mini_20261001T021818248545Z,9162d8ae9d81a1068ca40a1d925a363b16a26e8df9026be84c7726c89e5bfcb5,a581fbcab373db99a13f191f94521c75c256e080,b51d5d04fac1bd4389653b9ab2ff73ea88f435a3
2021.10.01.19.16.42_veh-28_02011_02410:1f99a870c80b5608,2021.10.01.19.16.42_veh-28_02011_02410,1f99a870c80b5608,starting_left_turn,us-ma-boston,1633118017499529,1633118014499529,1633118029499529,1.0,1.0,1.0,1.0,1.0,1.0,1.0,1.0,1.0,True,,idm,idm_mini_20261001T021827737561Z,9162d8ae9d81a1068ca40a1d925a363b16a26e8df9026be84c7726c89e5bfcb5,a581fbcab373db99a13f191f94521c75c256e080,b51d5d04fac1bd4389653b9ab2ff73ea88f435a3
2021.10.01.19.16.42_veh-28_02011_02410:1f99a870c80b5608,2021.10.01.19.16.42_veh-28_02011_02410,1f99a870c80b5608,starting_left_turn,us-ma-boston,1633118017499529,1633118014499529,1633118029499529,1.0,1.0,1.0,1.0,1.0,1.0,1.0,1.0,1.0,True,,pdm-closed,pdm-closed_mini_20261001T021818248545Z,9162d8ae9d81a1068ca40a1d925a363b16a26e8df9026be84c7726c89e5bfcb5,a581fbcab373db99a13f191f94521c75c256e080,b51d5d04fac1bd4389653b9ab2ff73ea88f435a3
2021.10.01.19.16.42_veh-28_03307_03808:99af1b3bc02a53b0,2021.10.01.19.16.42_veh-28_03307_03808,99af1b3bc02a53b0,near_multiple_vehicles,us-ma-boston,1633119369299726,1633119366299726,1633119381299726,1.0,1.0,1.0,1.0,1.0,1.0,1.0,1.0,1.0,True,,idm,idm_mini_20261001T021827737561Z,9162d8ae9d81a1068ca40a1d925a363b16a26e8df9026be84c7726c89e5bfcb5,a581fbcab373db99a13f191f94521c75c256e080,b51d5d04fac1bd4389653b9ab2ff73ea88f435a3
2021.10.01.19.16.42_veh-28_03307_03808:99af1b3bc02a53b0,2021.10.01.19.16.42_veh-28_03307_03808,99af1b3bc02a53b0,near_multiple_vehicles,us-ma-boston,1633119369299726,1633119366299726,1633119381299726,1.0,1.0,1.0,1.0,1.0,1.0,1.0,1.0,1.0,True,,pdm-closed,pdm-closed_mini_20261001T021818248545Z,9162d8ae9d81a1068ca40a1d925a363b16a26e8df9026be84c7726c89e5bfcb5,a581fbcab373db99a13f191f94521c75c256e080,b51d5d04fac1bd4389653b9ab2ff73ea88f435a3
2021.10.06.17.43.07_veh-28_00508_00877:094295aa1c075f36,2021.10.06.17.43.07_veh-28_00508_00877,094295aa1c075f36,starting_straight_traffic_light_intersection_traversal,us-ma-boston,1633543131849416,1633543128849416,1633543143849416,1.0,1.0,1.0,1.0,1.0,1.0,1.0,1.0,1.0,True,,idm,idm_mini_20261001T021827737561Z,9162d8ae9d81a1068ca40a1d925a363b16a26e8df9026be84c7726c89e5bfcb5,a581fbcab373db99a13f191f94521c75c256e080,b51d5d04fac1bd4389653b9ab2ff73ea88f435a3
2021.10.06.17.43.07_veh-28_00508_00877:094295aa1c075f36,2021.10.06.17.43.07_veh-28_00508_00877,094295aa1c075f36,starting_straight_traffic_light_intersection_traversal,us-ma-boston,1633543131849416,1633543128849416,1633543143849416,1.0,1.0,1.0,1.0,1.0,1.0,1.0,1.0,1.0,True,,pdm-closed,pdm-closed_mini_20261001T021818248545Z,9162d8ae9d81a1068ca40a1d925a363b16a26e8df9026be84c7726c89e5bfcb5,a581fbcab373db99a13f191f94521c75c256e080,b51d5d04fac1bd4389653b9ab2ff73ea88f435a3
2021.10.06.17.43.07_veh-28_00508_00877:ddcfdcade1eb5ac7,2021.10.06.17.43.07_veh-28_00508_00877,ddcfdcade1eb5ac7,stopping_with_lead,us-ma-boston,1633543087499521,1633543084499521,1633543099499521,0.0,1.0,0.0,0.0,0.5,0.1879828868001153,0.0,1.0,0.0,True,,idm,idm_mini_20261001T021827737561Z,9162d8ae9d81a1068ca40a1d925a363b16a26e8df9026be84c7726c89e5bfcb5,a581fbcab373db99a13f191f94521c75c256e080,b51d5d04fac1bd4389653b9ab2ff73ea88f435a3
2021.10.06.17.43.07_veh-28_00508_00877:ddcfdcade1eb5ac7,2021.10.06.17.43.07_veh-28_00508_00877,ddcfdcade1eb5ac7,stopping_with_lead,us-ma-boston,1633543087499521,1633543084499521,1633543099499521,1.0,1.0,1.0,1.0,1.0,1.0,1.0,1.0,1.0,True,,pdm-closed,pdm-closed_mini_20261001T021818248545Z,9162d8ae9d81a1068ca40a1d925a363b16a26e8df9026be84c7726c89e5bfcb5,a581fbcab373db99a13f191f94521c75c256e080,b51d5d04fac1bd4389653b9ab2ff73ea88f435a3
2021.10.06.17.43.07_veh-28_00508_00877:ede5957f5b0f5140,2021.10.06.17.43.07_veh-28_00508_00877,ede5957f5b0f5140,starting_right_turn,us-ma-boston,1633543106149571,1633543103149571,1633543118149571,0.0,1.0,0.0,1.0,1.0,1.0,1.0,1.0,1.0,True,,idm,idm_mini_20261001T021827737561Z,9162d8ae9d81a1068ca40a1d925a363b16a26e8df9026be84c7726c89e5bfcb5,a581fbcab373db99a13f191f94521c75c256e080,b51d5d04fac1bd4389653b9ab2ff73ea88f435a3
2021.10.06.17.43.07_veh-28_00508_00877:ede5957f5b0f5140,2021.10.06.17.43.07_veh-28_00508_00877,ede5957f5b0f5140,starting_right_turn,us-ma-boston,1633543106149571,1633543103149571,1633543118149571,1.0,1.0,1.0,1.0,1.0,1.0,1.0,1.0,1.0,True,,pdm-closed,pdm-closed_mini_20261001T021818248545Z,9162d8ae9d81a1068ca40a1d925a363b16a26e8df9026be84c7726c89e5bfcb5,a581fbcab373db99a13f191f94521c75c256e080,b51d5d04fac1bd4389653b9ab2ff73ea88f435a3
2021.10.11.02.57.41_veh-50_01522_02088:2141c58256555726,2021.10.11.02.57.41_veh-50_01522_02088,2141c58256555726,waiting_for_pedestrian_to_cross,sg-one-north,1633922897200313,1633922894200313,1633922909200313,0.0,0.0,1.0,1.0,1.0,1.0,0.0,1.0,1.0,True,,idm,idm_mini_20261001T021827737561Z,9162d8ae9d81a1068ca40a1d925a363b16a26e8df9026be84c7726c89e5bfcb5,a581fbcab373db99a13f191f94521c75c256e080,b51d5d04fac1bd4389653b9ab2ff73ea88f435a3
2021.10.11.02.57.41_veh-50_01522_02088:2141c58256555726,2021.10.11.02.57.41_veh-50_01522_02088,2141c58256555726,waiting_for_pedestrian_to_cross,sg-one-north,1633922897200313,1633922894200313,1633922909200313,0.875,1.0,1.0,1.0,1.0,1.0,1.0,1.0,0.0,True,,pdm-closed,pdm-closed_mini_20261001T021818248545Z,9162d8ae9d81a1068ca40a1d925a363b16a26e8df9026be84c7726c89e5bfcb5,a581fbcab373db99a13f191f94521c75c256e080,b51d5d04fac1bd4389653b9ab2ff73ea88f435a3
2021.10.11.02.57.41_veh-50_01522_02088:28fede9e972e5ce1,2021.10.11.02.57.41_veh-50_01522_02088,28fede9e972e5ce1,low_magnitude_speed,sg-one-north,1633922873300536,1633922870300536,1633922885300536,0.0,1.0,0.0,1.0,1.0,1.0,0.0,1.0,0.0,True,,idm,idm_mini_20261001T021827737561Z,9162d8ae9d81a1068ca40a1d925a363b16a26e8df9026be84c7726c89e5bfcb5,a581fbcab373db99a13f191f94521c75c256e080,b51d5d04fac1bd4389653b9ab2ff73ea88f435a3
2021.10.11.02.57.41_veh-50_01522_02088:28fede9e972e5ce1,2021.10.11.02.57.41_veh-50_01522_02088,28fede9e972e5ce1,low_magnitude_speed,sg-one-north,1633922873300536,1633922870300536,1633922885300536,1.0,1.0,1.0,1.0,1.0,1.0,1.0,1.0,1.0,True,,pdm-closed,pdm-closed_mini_20261001T021818248545Z,9162d8ae9d81a1068ca40a1d925a363b16a26e8df9026be84c7726c89e5bfcb5,a581fbcab373db99a13f191f94521c75c256e080,b51d5d04fac1bd4389653b9ab2ff73ea88f435a3
